[2026-05-18 07:59:07] [INFO] Misión cargada: Calculadora Simple | Contexto: {"mision_id":2}
[2026-05-18 07:59:07] [INFO] Iniciando ejecución del agente | Contexto: {"mision_id":2,"objetivo":"Implementar calculadora funcional con operaciones básicas"}
[2026-05-18 07:59:07] [INFO] === Iteración 1 === | Contexto: {"mision_id":2}
[2026-05-18 07:59:07] [DEBUG] Fase: Análisis
[2026-05-18 07:59:08] [DEBUG] Fase: Planificación
[2026-05-18 07:59:08] [DEBUG] Fase: Ejecución
[2026-05-18 07:59:08] [DEBUG] Fase: Validación
[2026-05-18 07:59:30] [INFO] Misión cargada: Calculadora Simple | Contexto: {"mision_id":2}
[2026-05-18 07:59:30] [INFO] Iniciando ejecución del agente | Contexto: {"mision_id":2,"objetivo":"Implementar calculadora funcional con operaciones básicas"}
[2026-05-18 07:59:30] [INFO] === Iteración 1 === | Contexto: {"mision_id":2}
[2026-05-18 07:59:30] [DEBUG] Fase: Análisis
[2026-05-18 07:59:30] [DEBUG] Fase: Planificación
[2026-05-18 07:59:31] [DEBUG] Fase: Ejecución
[2026-05-18 07:59:31] [DEBUG] Fase: Validación
[2026-05-18 08:02:40] [INFO] Misión cargada: Calculadora Simple | Contexto: {"mision_id":3}
[2026-05-18 08:02:40] [INFO] Iniciando ejecución del agente | Contexto: {"mision_id":3,"objetivo":"Implementar calculadora funcional con operaciones básicas"}
[2026-05-18 08:02:40] [INFO] === Iteración 1 === | Contexto: {"mision_id":3}
[2026-05-18 08:02:41] [DEBUG] Fase: Análisis
[2026-05-18 08:02:41] [DEBUG] Fase: Planificación
[2026-05-18 08:02:41] [DEBUG] Fase: Ejecución
[2026-05-18 08:02:41] [DEBUG] Fase: Validación
[2026-05-18 08:02:41] [INFO] === Iteración 2 === | Contexto: {"mision_id":3}
[2026-05-18 08:02:41] [DEBUG] Fase: Análisis
[2026-05-18 08:02:41] [DEBUG] Fase: Planificación
[2026-05-18 08:02:41] [DEBUG] Fase: Ejecución
[2026-05-18 08:02:41] [DEBUG] Fase: Validación
[2026-05-18 08:02:41] [INFO] === Iteración 3 === | Contexto: {"mision_id":3}
[2026-05-18 08:02:41] [DEBUG] Fase: Análisis
[2026-05-18 08:02:41] [DEBUG] Fase: Planificación
[2026-05-18 08:02:41] [DEBUG] Fase: Ejecución
[2026-05-18 08:02:41] [DEBUG] Fase: Validación
[2026-05-18 08:02:42] [INFO] === Iteración 4 === | Contexto: {"mision_id":3}
[2026-05-18 08:02:42] [DEBUG] Fase: Análisis
[2026-05-18 08:02:42] [DEBUG] Fase: Planificación
[2026-05-18 08:02:42] [DEBUG] Fase: Ejecución
[2026-05-18 08:02:42] [DEBUG] Fase: Validación
[2026-05-18 08:02:42] [INFO] === Iteración 5 === | Contexto: {"mision_id":3}
[2026-05-18 08:02:42] [DEBUG] Fase: Análisis
[2026-05-18 08:02:42] [DEBUG] Fase: Planificación
[2026-05-18 08:02:42] [DEBUG] Fase: Ejecución
[2026-05-18 08:02:42] [DEBUG] Fase: Validación
[2026-05-18 08:02:42] [INFO] === Iteración 6 === | Contexto: {"mision_id":3}
[2026-05-18 08:02:42] [DEBUG] Fase: Análisis
[2026-05-18 08:02:42] [DEBUG] Fase: Planificación
[2026-05-18 08:02:42] [DEBUG] Fase: Ejecución
[2026-05-18 08:02:42] [DEBUG] Fase: Validación
[2026-05-18 08:02:43] [INFO] === Iteración 7 === | Contexto: {"mision_id":3}
[2026-05-18 08:02:43] [DEBUG] Fase: Análisis
[2026-05-18 08:02:43] [DEBUG] Fase: Planificación
[2026-05-18 08:02:43] [DEBUG] Fase: Ejecución
[2026-05-18 08:02:43] [DEBUG] Fase: Validación
[2026-05-18 08:02:43] [INFO] === Iteración 8 === | Contexto: {"mision_id":3}
[2026-05-18 08:02:43] [DEBUG] Fase: Análisis
[2026-05-18 08:02:43] [DEBUG] Fase: Planificación
[2026-05-18 08:02:43] [DEBUG] Fase: Ejecución
[2026-05-18 08:02:43] [DEBUG] Fase: Validación
[2026-05-18 08:02:43] [INFO] === Iteración 9 === | Contexto: {"mision_id":3}
[2026-05-18 08:02:44] [DEBUG] Fase: Análisis
[2026-05-18 08:02:44] [DEBUG] Fase: Planificación
[2026-05-18 08:02:44] [DEBUG] Fase: Ejecución
[2026-05-18 08:02:44] [DEBUG] Fase: Validación
[2026-05-18 08:02:44] [INFO] === Iteración 10 === | Contexto: {"mision_id":3}
[2026-05-18 08:02:44] [DEBUG] Fase: Análisis
[2026-05-18 08:02:44] [DEBUG] Fase: Planificación
[2026-05-18 08:02:44] [DEBUG] Fase: Ejecución
[2026-05-18 08:02:44] [DEBUG] Fase: Validación
[2026-05-18 08:02:45] [INFO] === Iteración 11 === | Contexto: {"mision_id":3}
[2026-05-18 08:02:46] [DEBUG] Fase: Análisis
[2026-05-18 08:02:46] [DEBUG] Fase: Planificación
[2026-05-18 08:02:46] [DEBUG] Fase: Ejecución
[2026-05-18 08:02:46] [DEBUG] Fase: Validación
[2026-05-18 08:02:48] [INFO] === Iteración 12 === | Contexto: {"mision_id":3}
[2026-05-18 08:02:49] [DEBUG] Fase: Análisis
[2026-05-18 08:02:49] [DEBUG] Fase: Planificación
[2026-05-18 08:02:49] [DEBUG] Fase: Ejecución
[2026-05-18 08:02:49] [DEBUG] Fase: Validación
[2026-05-18 08:02:56] [INFO] === Iteración 13 === | Contexto: {"mision_id":3}
[2026-05-18 08:02:56] [DEBUG] Fase: Análisis
[2026-05-18 08:02:58] [DEBUG] Fase: Planificación
[2026-05-18 08:08:57] [INFO] Misión cargada: Calculadora Simple | Contexto: {"mision_id":4}
[2026-05-18 08:08:57] [INFO] Iniciando ejecución del agente | Contexto: {"mision_id":4,"objetivo":"Implementar calculadora funcional con operaciones básicas"}
[2026-05-18 08:08:57] [INFO] === Iteración 1 === | Contexto: {"mision_id":4}
[2026-05-18 08:08:57] [DEBUG] Fase: Análisis
[2026-05-18 08:08:57] [DEBUG] Fase: Planificación
[2026-05-18 08:08:57] [DEBUG] Fase: Ejecución
[2026-05-18 08:08:57] [DEBUG] Fase: Validación
[2026-05-18 08:08:57] [INFO] === Iteración 2 === | Contexto: {"mision_id":4}
[2026-05-18 08:08:57] [DEBUG] Fase: Análisis
[2026-05-18 08:08:57] [DEBUG] Fase: Planificación
[2026-05-18 08:08:57] [DEBUG] Fase: Ejecución
[2026-05-18 08:08:57] [DEBUG] Fase: Validación
[2026-05-18 08:08:58] [INFO] === Iteración 3 === | Contexto: {"mision_id":4}
[2026-05-18 08:08:58] [DEBUG] Fase: Análisis
[2026-05-18 08:08:58] [DEBUG] Fase: Planificación
[2026-05-18 08:08:58] [DEBUG] Fase: Ejecución
[2026-05-18 08:08:58] [DEBUG] Fase: Validación
[2026-05-18 08:08:58] [INFO] === Iteración 4 === | Contexto: {"mision_id":4}
[2026-05-18 08:08:58] [DEBUG] Fase: Análisis
[2026-05-18 08:08:58] [DEBUG] Fase: Planificación
[2026-05-18 08:08:58] [DEBUG] Fase: Ejecución
[2026-05-18 08:08:58] [DEBUG] Fase: Validación
[2026-05-18 08:08:58] [INFO] === Iteración 5 === | Contexto: {"mision_id":4}
[2026-05-18 08:08:59] [DEBUG] Fase: Análisis
[2026-05-18 08:08:59] [DEBUG] Fase: Planificación
[2026-05-18 08:08:59] [DEBUG] Fase: Ejecución
[2026-05-18 08:08:59] [DEBUG] Fase: Validación
[2026-05-18 08:08:59] [INFO] === Iteración 6 === | Contexto: {"mision_id":4}
[2026-05-18 08:08:59] [DEBUG] Fase: Análisis
[2026-05-18 08:08:59] [DEBUG] Fase: Planificación
[2026-05-18 08:08:59] [DEBUG] Fase: Ejecución
[2026-05-18 08:08:59] [DEBUG] Fase: Validación
[2026-05-18 08:08:59] [INFO] === Iteración 7 === | Contexto: {"mision_id":4}
[2026-05-18 08:08:59] [DEBUG] Fase: Análisis
[2026-05-18 08:08:59] [DEBUG] Fase: Planificación
[2026-05-18 08:08:59] [DEBUG] Fase: Ejecución
[2026-05-18 08:08:59] [DEBUG] Fase: Validación
[2026-05-18 08:09:00] [INFO] === Iteración 8 === | Contexto: {"mision_id":4}
[2026-05-18 08:09:00] [DEBUG] Fase: Análisis
[2026-05-18 08:09:00] [DEBUG] Fase: Planificación
[2026-05-18 08:09:00] [DEBUG] Fase: Ejecución
[2026-05-18 08:09:00] [DEBUG] Fase: Validación
[2026-05-18 08:09:00] [INFO] === Iteración 9 === | Contexto: {"mision_id":4}
[2026-05-18 08:09:00] [DEBUG] Fase: Análisis
[2026-05-18 08:09:00] [DEBUG] Fase: Planificación
[2026-05-18 08:09:00] [DEBUG] Fase: Ejecución
[2026-05-18 08:09:00] [DEBUG] Fase: Validación
[2026-05-18 08:09:00] [INFO] === Iteración 10 === | Contexto: {"mision_id":4}
[2026-05-18 08:09:00] [DEBUG] Fase: Análisis
[2026-05-18 08:09:00] [DEBUG] Fase: Planificación
[2026-05-18 08:09:00] [DEBUG] Fase: Ejecución
[2026-05-18 08:09:01] [DEBUG] Fase: Validación
[2026-05-18 08:09:01] [INFO] === Iteración 11 === | Contexto: {"mision_id":4}
[2026-05-18 08:09:01] [DEBUG] Fase: Análisis
[2026-05-18 08:09:01] [DEBUG] Fase: Planificación
[2026-05-18 08:09:01] [DEBUG] Fase: Ejecución
[2026-05-18 08:09:01] [DEBUG] Fase: Validación
[2026-05-18 08:09:01] [INFO] === Iteración 12 === | Contexto: {"mision_id":4}
[2026-05-18 08:09:01] [DEBUG] Fase: Análisis
[2026-05-18 08:09:01] [DEBUG] Fase: Planificación
[2026-05-18 08:09:01] [DEBUG] Fase: Ejecución
[2026-05-18 08:09:01] [DEBUG] Fase: Validación
[2026-05-18 08:09:02] [INFO] === Iteración 13 === | Contexto: {"mision_id":4}
[2026-05-18 08:09:02] [DEBUG] Fase: Análisis
[2026-05-18 08:09:02] [DEBUG] Fase: Planificación
[2026-05-18 08:09:02] [DEBUG] Fase: Ejecución
[2026-05-18 08:09:02] [DEBUG] Fase: Validación
[2026-05-18 08:09:02] [INFO] === Iteración 14 === | Contexto: {"mision_id":4}
[2026-05-18 08:09:02] [DEBUG] Fase: Análisis
[2026-05-18 08:09:02] [DEBUG] Fase: Planificación
[2026-05-18 08:09:02] [DEBUG] Fase: Ejecución
[2026-05-18 08:09:02] [DEBUG] Fase: Validación
[2026-05-18 08:09:02] [INFO] === Iteración 15 === | Contexto: {"mision_id":4}
[2026-05-18 08:09:02] [DEBUG] Fase: Análisis
[2026-05-18 08:09:02] [DEBUG] Fase: Planificación
[2026-05-18 08:09:02] [DEBUG] Fase: Ejecución
[2026-05-18 08:09:02] [DEBUG] Fase: Validación
[2026-05-18 08:09:03] [INFO] === Iteración 16 === | Contexto: {"mision_id":4}
[2026-05-18 08:09:03] [DEBUG] Fase: Análisis
[2026-05-18 08:09:03] [DEBUG] Fase: Planificación
[2026-05-18 08:09:03] [DEBUG] Fase: Ejecución
[2026-05-18 08:09:03] [DEBUG] Fase: Validación
[2026-05-18 08:09:03] [INFO] === Iteración 17 === | Contexto: {"mision_id":4}
[2026-05-18 08:09:03] [DEBUG] Fase: Análisis
[2026-05-18 08:09:03] [DEBUG] Fase: Planificación
[2026-05-18 08:09:03] [DEBUG] Fase: Ejecución
[2026-05-18 08:09:03] [DEBUG] Fase: Validación
[2026-05-18 08:09:03] [INFO] === Iteración 18 === | Contexto: {"mision_id":4}
[2026-05-18 08:09:03] [DEBUG] Fase: Análisis
[2026-05-18 08:09:04] [DEBUG] Fase: Planificación
[2026-05-18 08:09:04] [DEBUG] Fase: Ejecución
[2026-05-18 08:09:04] [DEBUG] Fase: Validación
[2026-05-18 08:09:04] [INFO] === Iteración 19 === | Contexto: {"mision_id":4}
[2026-05-18 08:09:04] [DEBUG] Fase: Análisis
[2026-05-18 08:09:04] [DEBUG] Fase: Planificación
[2026-05-18 08:09:04] [DEBUG] Fase: Ejecución
[2026-05-18 08:09:04] [DEBUG] Fase: Validación
[2026-05-18 08:09:04] [INFO] === Iteración 20 === | Contexto: {"mision_id":4}
[2026-05-18 08:09:04] [DEBUG] Fase: Análisis
[2026-05-18 08:09:04] [DEBUG] Fase: Planificación
[2026-05-18 08:09:04] [DEBUG] Fase: Ejecución
[2026-05-18 08:09:04] [DEBUG] Fase: Validación
[2026-05-18 08:09:04] [INFO] === Iteración 21 === | Contexto: {"mision_id":4}
[2026-05-18 08:09:04] [DEBUG] Fase: Análisis
[2026-05-18 08:09:04] [DEBUG] Fase: Planificación
[2026-05-18 08:09:04] [DEBUG] Fase: Ejecución
[2026-05-18 08:09:05] [DEBUG] Fase: Validación
[2026-05-18 08:09:05] [INFO] === Iteración 22 === | Contexto: {"mision_id":4}
[2026-05-18 08:09:05] [DEBUG] Fase: Análisis
[2026-05-18 08:09:05] [DEBUG] Fase: Planificación
[2026-05-18 08:09:05] [DEBUG] Fase: Ejecución
[2026-05-18 08:09:05] [DEBUG] Fase: Validación
[2026-05-18 08:09:05] [INFO] === Iteración 23 === | Contexto: {"mision_id":4}
[2026-05-18 08:09:05] [DEBUG] Fase: Análisis
[2026-05-18 08:09:05] [DEBUG] Fase: Planificación
[2026-05-18 08:09:05] [DEBUG] Fase: Ejecución
[2026-05-18 08:09:05] [DEBUG] Fase: Validación
[2026-05-18 08:09:05] [INFO] === Iteración 24 === | Contexto: {"mision_id":4}
[2026-05-18 08:09:05] [DEBUG] Fase: Análisis
[2026-05-18 08:09:05] [DEBUG] Fase: Planificación
[2026-05-18 08:09:06] [DEBUG] Fase: Ejecución
[2026-05-18 08:09:06] [DEBUG] Fase: Validación
[2026-05-18 08:09:06] [INFO] === Iteración 25 === | Contexto: {"mision_id":4}
[2026-05-18 08:09:06] [DEBUG] Fase: Análisis
[2026-05-18 08:09:06] [DEBUG] Fase: Planificación
[2026-05-18 08:09:06] [DEBUG] Fase: Ejecución
[2026-05-18 08:09:06] [DEBUG] Fase: Validación
[2026-05-18 08:09:06] [INFO] === Iteración 26 === | Contexto: {"mision_id":4}
[2026-05-18 08:09:06] [DEBUG] Fase: Análisis
[2026-05-18 08:09:06] [DEBUG] Fase: Planificación
[2026-05-18 08:09:06] [DEBUG] Fase: Ejecución
[2026-05-18 08:09:06] [DEBUG] Fase: Validación
[2026-05-18 08:09:06] [INFO] === Iteración 27 === | Contexto: {"mision_id":4}
[2026-05-18 08:09:07] [DEBUG] Fase: Análisis
[2026-05-18 08:09:07] [DEBUG] Fase: Planificación
[2026-05-18 08:09:07] [DEBUG] Fase: Ejecución
[2026-05-18 08:09:07] [DEBUG] Fase: Validación
[2026-05-18 08:09:07] [INFO] === Iteración 28 === | Contexto: {"mision_id":4}
[2026-05-18 08:09:07] [DEBUG] Fase: Análisis
[2026-05-18 08:09:07] [DEBUG] Fase: Planificación
[2026-05-18 08:09:07] [DEBUG] Fase: Ejecución
[2026-05-18 08:09:07] [DEBUG] Fase: Validación
[2026-05-18 08:09:08] [INFO] === Iteración 29 === | Contexto: {"mision_id":4}
[2026-05-18 08:09:08] [DEBUG] Fase: Análisis
[2026-05-18 08:09:08] [DEBUG] Fase: Planificación
[2026-05-18 08:09:08] [DEBUG] Fase: Ejecución
[2026-05-18 08:09:08] [DEBUG] Fase: Validación
[2026-05-18 08:09:08] [INFO] === Iteración 30 === | Contexto: {"mision_id":4}
[2026-05-18 08:09:08] [DEBUG] Fase: Análisis
[2026-05-18 08:09:08] [DEBUG] Fase: Planificación
[2026-05-18 08:09:08] [DEBUG] Fase: Ejecución
[2026-05-18 08:09:08] [DEBUG] Fase: Validación
[2026-05-18 08:09:08] [INFO] === Iteración 31 === | Contexto: {"mision_id":4}
[2026-05-18 08:09:09] [DEBUG] Fase: Análisis
[2026-05-18 08:09:09] [DEBUG] Fase: Planificación
[2026-05-18 08:09:09] [DEBUG] Fase: Ejecución
[2026-05-18 08:09:09] [DEBUG] Fase: Validación
[2026-05-18 08:09:09] [INFO] === Iteración 32 === | Contexto: {"mision_id":4}
[2026-05-18 08:09:09] [DEBUG] Fase: Análisis
[2026-05-18 08:09:09] [DEBUG] Fase: Planificación
[2026-05-18 08:09:09] [DEBUG] Fase: Ejecución
[2026-05-18 08:09:09] [DEBUG] Fase: Validación
[2026-05-18 08:09:09] [INFO] === Iteración 33 === | Contexto: {"mision_id":4}
[2026-05-18 08:09:09] [DEBUG] Fase: Análisis
[2026-05-18 08:09:09] [DEBUG] Fase: Planificación
[2026-05-18 08:09:09] [DEBUG] Fase: Ejecución
[2026-05-18 08:09:09] [DEBUG] Fase: Validación
[2026-05-18 08:09:10] [INFO] === Iteración 34 === | Contexto: {"mision_id":4}
[2026-05-18 08:09:10] [DEBUG] Fase: Análisis
[2026-05-18 08:09:10] [DEBUG] Fase: Planificación
[2026-05-18 08:09:10] [DEBUG] Fase: Ejecución
[2026-05-18 08:09:10] [DEBUG] Fase: Validación
[2026-05-18 08:09:10] [INFO] === Iteración 35 === | Contexto: {"mision_id":4}
[2026-05-18 08:09:10] [DEBUG] Fase: Análisis
[2026-05-18 08:09:10] [DEBUG] Fase: Planificación
[2026-05-18 08:09:10] [DEBUG] Fase: Ejecución
[2026-05-18 08:09:10] [DEBUG] Fase: Validación
[2026-05-18 08:09:10] [INFO] === Iteración 36 === | Contexto: {"mision_id":4}
[2026-05-18 08:09:11] [DEBUG] Fase: Análisis
[2026-05-18 08:09:11] [DEBUG] Fase: Planificación
[2026-05-18 08:09:11] [DEBUG] Fase: Ejecución
[2026-05-18 08:09:11] [DEBUG] Fase: Validación
[2026-05-18 08:09:11] [INFO] === Iteración 37 === | Contexto: {"mision_id":4}
[2026-05-18 08:09:11] [DEBUG] Fase: Análisis
[2026-05-18 08:09:11] [DEBUG] Fase: Planificación
[2026-05-18 08:09:11] [DEBUG] Fase: Ejecución
[2026-05-18 08:09:11] [DEBUG] Fase: Validación
[2026-05-18 08:09:11] [INFO] === Iteración 38 === | Contexto: {"mision_id":4}
[2026-05-18 08:09:11] [DEBUG] Fase: Análisis
[2026-05-18 08:09:11] [DEBUG] Fase: Planificación
[2026-05-18 08:09:11] [DEBUG] Fase: Ejecución
[2026-05-18 08:09:12] [DEBUG] Fase: Validación
[2026-05-18 08:09:12] [INFO] === Iteración 39 === | Contexto: {"mision_id":4}
[2026-05-18 08:09:12] [DEBUG] Fase: Análisis
[2026-05-18 08:09:12] [DEBUG] Fase: Planificación
[2026-05-18 08:09:12] [DEBUG] Fase: Ejecución
[2026-05-18 08:09:12] [DEBUG] Fase: Validación
[2026-05-18 08:09:12] [INFO] === Iteración 40 === | Contexto: {"mision_id":4}
[2026-05-18 08:09:12] [DEBUG] Fase: Análisis
[2026-05-18 08:09:12] [DEBUG] Fase: Planificación
[2026-05-18 08:09:12] [DEBUG] Fase: Ejecución
[2026-05-18 08:09:12] [DEBUG] Fase: Validación
[2026-05-18 08:09:12] [INFO] === Iteración 41 === | Contexto: {"mision_id":4}
[2026-05-18 08:09:12] [DEBUG] Fase: Análisis
[2026-05-18 08:09:12] [DEBUG] Fase: Planificación
[2026-05-18 08:09:12] [DEBUG] Fase: Ejecución
[2026-05-18 08:09:13] [DEBUG] Fase: Validación
[2026-05-18 08:09:13] [INFO] === Iteración 42 === | Contexto: {"mision_id":4}
[2026-05-18 08:09:13] [DEBUG] Fase: Análisis
[2026-05-18 08:09:13] [DEBUG] Fase: Planificación
[2026-05-18 08:09:13] [DEBUG] Fase: Ejecución
[2026-05-18 08:09:13] [DEBUG] Fase: Validación
[2026-05-18 08:09:13] [INFO] === Iteración 43 === | Contexto: {"mision_id":4}
[2026-05-18 08:09:13] [DEBUG] Fase: Análisis
[2026-05-18 08:09:13] [DEBUG] Fase: Planificación
[2026-05-18 08:09:13] [DEBUG] Fase: Ejecución
[2026-05-18 08:09:13] [DEBUG] Fase: Validación
[2026-05-18 08:09:14] [INFO] === Iteración 44 === | Contexto: {"mision_id":4}
[2026-05-18 08:09:14] [DEBUG] Fase: Análisis
[2026-05-18 08:09:14] [DEBUG] Fase: Planificación
[2026-05-18 08:09:14] [DEBUG] Fase: Ejecución
[2026-05-18 08:09:14] [DEBUG] Fase: Validación
[2026-05-18 08:09:14] [INFO] === Iteración 45 === | Contexto: {"mision_id":4}
[2026-05-18 08:09:14] [DEBUG] Fase: Análisis
[2026-05-18 08:09:14] [DEBUG] Fase: Planificación
[2026-05-18 08:09:14] [DEBUG] Fase: Ejecución
[2026-05-18 08:09:14] [DEBUG] Fase: Validación
[2026-05-18 08:09:14] [INFO] === Iteración 46 === | Contexto: {"mision_id":4}
[2026-05-18 08:09:14] [DEBUG] Fase: Análisis
[2026-05-18 08:09:14] [DEBUG] Fase: Planificación
[2026-05-18 08:09:14] [DEBUG] Fase: Ejecución
[2026-05-18 08:09:14] [DEBUG] Fase: Validación
[2026-05-18 08:09:15] [INFO] === Iteración 47 === | Contexto: {"mision_id":4}
[2026-05-18 08:09:15] [DEBUG] Fase: Análisis
[2026-05-18 08:09:15] [DEBUG] Fase: Planificación
[2026-05-18 08:09:15] [DEBUG] Fase: Ejecución
[2026-05-18 08:09:15] [DEBUG] Fase: Validación
[2026-05-18 08:09:15] [INFO] === Iteración 48 === | Contexto: {"mision_id":4}
[2026-05-18 08:09:15] [DEBUG] Fase: Análisis
[2026-05-18 08:09:15] [DEBUG] Fase: Planificación
[2026-05-18 08:09:15] [DEBUG] Fase: Ejecución
[2026-05-18 08:09:15] [DEBUG] Fase: Validación
[2026-05-18 08:09:15] [INFO] === Iteración 49 === | Contexto: {"mision_id":4}
[2026-05-18 08:09:15] [DEBUG] Fase: Análisis
[2026-05-18 08:09:15] [DEBUG] Fase: Planificación
[2026-05-18 08:09:15] [DEBUG] Fase: Ejecución
[2026-05-18 08:09:15] [DEBUG] Fase: Validación
[2026-05-18 08:09:16] [INFO] === Iteración 50 === | Contexto: {"mision_id":4}
[2026-05-18 08:09:16] [DEBUG] Fase: Análisis
[2026-05-18 08:09:16] [DEBUG] Fase: Planificación
[2026-05-18 08:09:16] [DEBUG] Fase: Ejecución
[2026-05-18 08:09:16] [DEBUG] Fase: Validación
[2026-05-18 08:09:16] [WARNING] Máximo de iteraciones alcanzado sin completar | Contexto: {"max_iteraciones":50}
[2026-05-18 08:44:23] [INFO] Misión cargada: Calculadora Simple | Contexto: {"mision_id":5}
[2026-05-18 08:44:23] [INFO] Iniciando ejecución del agente | Contexto: {"mision_id":5,"objetivo":"Implementar calculadora funcional con operaciones básicas"}
[2026-05-18 08:44:23] [INFO] === Iteración 1 === | Contexto: {"mision_id":5}
[2026-05-18 08:44:23] [DEBUG] Fase: Análisis
[2026-05-18 08:44:23] [DEBUG] Fase: Planificación
[2026-05-18 08:44:23] [DEBUG] Fase: Ejecución
[2026-05-18 08:44:23] [DEBUG] Fase: Validación
[2026-05-18 08:44:24] [INFO] === Iteración 2 === | Contexto: {"mision_id":5}
[2026-05-18 08:44:24] [DEBUG] Fase: Análisis
[2026-05-18 08:44:24] [DEBUG] Fase: Planificación
[2026-05-18 08:44:24] [DEBUG] Fase: Ejecución
[2026-05-18 08:44:24] [DEBUG] Fase: Validación
[2026-05-18 08:44:24] [INFO] === Iteración 3 === | Contexto: {"mision_id":5}
[2026-05-18 08:44:24] [DEBUG] Fase: Análisis
[2026-05-18 08:44:24] [DEBUG] Fase: Planificación
[2026-05-18 08:44:24] [DEBUG] Fase: Ejecución
[2026-05-18 08:44:24] [DEBUG] Fase: Validación
[2026-05-18 08:44:24] [INFO] === Iteración 4 === | Contexto: {"mision_id":5}
[2026-05-18 08:44:24] [DEBUG] Fase: Análisis
[2026-05-18 08:44:24] [DEBUG] Fase: Planificación
[2026-05-18 08:44:24] [DEBUG] Fase: Ejecución
[2026-05-18 08:44:24] [DEBUG] Fase: Validación
[2026-05-18 08:44:24] [INFO] === Iteración 5 === | Contexto: {"mision_id":5}
[2026-05-18 08:44:25] [DEBUG] Fase: Análisis
[2026-05-18 08:44:25] [DEBUG] Fase: Planificación
[2026-05-18 08:44:25] [DEBUG] Fase: Ejecución
[2026-05-18 08:44:25] [DEBUG] Fase: Validación
[2026-05-18 08:44:25] [INFO] === Iteración 6 === | Contexto: {"mision_id":5}
[2026-05-18 08:44:25] [DEBUG] Fase: Análisis
[2026-05-18 08:44:25] [DEBUG] Fase: Planificación
[2026-05-18 08:44:25] [DEBUG] Fase: Ejecución
[2026-05-18 08:44:25] [DEBUG] Fase: Validación
[2026-05-18 08:44:25] [INFO] === Iteración 7 === | Contexto: {"mision_id":5}
[2026-05-18 08:44:25] [DEBUG] Fase: Análisis
[2026-05-18 08:44:25] [DEBUG] Fase: Planificación
[2026-05-18 08:44:25] [DEBUG] Fase: Ejecución
[2026-05-18 08:44:25] [DEBUG] Fase: Validación
[2026-05-18 08:44:25] [INFO] === Iteración 8 === | Contexto: {"mision_id":5}
[2026-05-18 08:44:26] [DEBUG] Fase: Análisis
[2026-05-18 08:44:26] [DEBUG] Fase: Planificación
[2026-05-18 08:44:26] [DEBUG] Fase: Ejecución
[2026-05-18 08:44:26] [DEBUG] Fase: Validación
[2026-05-18 08:44:26] [INFO] === Iteración 9 === | Contexto: {"mision_id":5}
[2026-05-18 08:44:26] [DEBUG] Fase: Análisis
[2026-05-18 08:44:26] [DEBUG] Fase: Planificación
[2026-05-18 08:44:26] [DEBUG] Fase: Ejecución
[2026-05-18 08:44:26] [DEBUG] Fase: Validación
[2026-05-18 08:44:26] [INFO] === Iteración 10 === | Contexto: {"mision_id":5}
[2026-05-18 08:44:26] [DEBUG] Fase: Análisis
[2026-05-18 08:44:26] [DEBUG] Fase: Planificación
[2026-05-18 08:44:26] [DEBUG] Fase: Ejecución
[2026-05-18 08:44:26] [DEBUG] Fase: Validación
[2026-05-18 08:44:27] [INFO] === Iteración 11 === | Contexto: {"mision_id":5}
[2026-05-18 08:44:27] [DEBUG] Fase: Análisis
[2026-05-18 08:44:27] [DEBUG] Fase: Planificación
[2026-05-18 08:44:27] [DEBUG] Fase: Ejecución
[2026-05-18 08:44:27] [DEBUG] Fase: Validación
[2026-05-18 08:44:27] [INFO] === Iteración 12 === | Contexto: {"mision_id":5}
[2026-05-18 08:44:27] [DEBUG] Fase: Análisis
[2026-05-18 08:44:27] [DEBUG] Fase: Planificación
[2026-05-18 08:44:27] [DEBUG] Fase: Ejecución
[2026-05-18 08:44:27] [DEBUG] Fase: Validación
[2026-05-18 08:44:27] [INFO] === Iteración 13 === | Contexto: {"mision_id":5}
[2026-05-18 08:44:27] [DEBUG] Fase: Análisis
[2026-05-18 08:44:27] [DEBUG] Fase: Planificación
[2026-05-18 08:44:27] [DEBUG] Fase: Ejecución
[2026-05-18 08:44:27] [DEBUG] Fase: Validación
[2026-05-18 08:44:28] [INFO] === Iteración 14 === | Contexto: {"mision_id":5}
[2026-05-18 08:44:28] [DEBUG] Fase: Análisis
[2026-05-18 08:44:28] [DEBUG] Fase: Planificación
[2026-05-18 08:44:28] [DEBUG] Fase: Ejecución
[2026-05-18 08:44:28] [DEBUG] Fase: Validación
[2026-05-18 08:44:28] [INFO] === Iteración 15 === | Contexto: {"mision_id":5}
[2026-05-18 08:44:28] [DEBUG] Fase: Análisis
[2026-05-18 08:44:28] [DEBUG] Fase: Planificación
[2026-05-18 08:44:28] [DEBUG] Fase: Ejecución
[2026-05-18 08:44:28] [DEBUG] Fase: Validación
[2026-05-18 08:44:28] [INFO] === Iteración 16 === | Contexto: {"mision_id":5}
[2026-05-18 08:44:28] [DEBUG] Fase: Análisis
[2026-05-18 08:44:28] [DEBUG] Fase: Planificación
[2026-05-18 08:44:29] [DEBUG] Fase: Ejecución
[2026-05-18 08:44:29] [DEBUG] Fase: Validación
[2026-05-18 08:44:29] [INFO] === Iteración 17 === | Contexto: {"mision_id":5}
[2026-05-18 08:44:29] [DEBUG] Fase: Análisis
[2026-05-18 08:44:29] [DEBUG] Fase: Planificación
[2026-05-18 08:44:29] [DEBUG] Fase: Ejecución
[2026-05-18 08:44:29] [DEBUG] Fase: Validación
[2026-05-18 08:44:29] [INFO] === Iteración 18 === | Contexto: {"mision_id":5}
[2026-05-18 08:44:29] [DEBUG] Fase: Análisis
[2026-05-18 08:44:29] [DEBUG] Fase: Planificación
[2026-05-18 08:44:29] [DEBUG] Fase: Ejecución
[2026-05-18 08:44:29] [DEBUG] Fase: Validación
[2026-05-18 08:44:30] [INFO] === Iteración 19 === | Contexto: {"mision_id":5}
[2026-05-18 08:44:30] [DEBUG] Fase: Análisis
[2026-05-18 08:44:30] [DEBUG] Fase: Planificación
[2026-05-18 08:44:30] [DEBUG] Fase: Ejecución
[2026-05-18 08:44:30] [DEBUG] Fase: Validación
[2026-05-18 08:44:30] [INFO] === Iteración 20 === | Contexto: {"mision_id":5}
[2026-05-18 08:44:30] [DEBUG] Fase: Análisis
[2026-05-18 08:44:30] [DEBUG] Fase: Planificación
[2026-05-18 08:44:30] [DEBUG] Fase: Ejecución
[2026-05-18 08:44:30] [DEBUG] Fase: Validación
[2026-05-18 08:44:30] [INFO] === Iteración 21 === | Contexto: {"mision_id":5}
[2026-05-18 08:44:30] [DEBUG] Fase: Análisis
[2026-05-18 08:44:30] [DEBUG] Fase: Planificación
[2026-05-18 08:44:30] [DEBUG] Fase: Ejecución
[2026-05-18 08:44:30] [DEBUG] Fase: Validación
[2026-05-18 08:44:31] [INFO] === Iteración 22 === | Contexto: {"mision_id":5}
[2026-05-18 08:44:31] [DEBUG] Fase: Análisis
[2026-05-18 08:44:31] [DEBUG] Fase: Planificación
[2026-05-18 08:44:31] [DEBUG] Fase: Ejecución
[2026-05-18 08:44:31] [DEBUG] Fase: Validación
[2026-05-18 08:44:31] [INFO] === Iteración 23 === | Contexto: {"mision_id":5}
[2026-05-18 08:44:31] [DEBUG] Fase: Análisis
[2026-05-18 08:44:31] [DEBUG] Fase: Planificación
[2026-05-18 08:44:31] [DEBUG] Fase: Ejecución
[2026-05-18 08:44:31] [DEBUG] Fase: Validación
[2026-05-18 08:44:31] [INFO] === Iteración 24 === | Contexto: {"mision_id":5}
[2026-05-18 08:44:31] [DEBUG] Fase: Análisis
[2026-05-18 08:44:32] [DEBUG] Fase: Planificación
[2026-05-18 08:44:32] [DEBUG] Fase: Ejecución
[2026-05-18 08:44:32] [DEBUG] Fase: Validación
[2026-05-18 08:44:32] [INFO] === Iteración 25 === | Contexto: {"mision_id":5}
[2026-05-18 08:44:32] [DEBUG] Fase: Análisis
[2026-05-18 08:44:32] [DEBUG] Fase: Planificación
[2026-05-18 08:44:32] [DEBUG] Fase: Ejecución
[2026-05-18 08:44:32] [DEBUG] Fase: Validación
[2026-05-18 08:44:32] [INFO] === Iteración 26 === | Contexto: {"mision_id":5}
[2026-05-18 08:44:32] [DEBUG] Fase: Análisis
[2026-05-18 08:44:32] [DEBUG] Fase: Planificación
[2026-05-18 08:44:32] [DEBUG] Fase: Ejecución
[2026-05-18 08:44:32] [DEBUG] Fase: Validación
[2026-05-18 08:44:32] [INFO] === Iteración 27 === | Contexto: {"mision_id":5}
[2026-05-18 08:44:32] [DEBUG] Fase: Análisis
[2026-05-18 08:44:32] [DEBUG] Fase: Planificación
[2026-05-18 08:44:33] [DEBUG] Fase: Ejecución
[2026-05-18 08:44:33] [DEBUG] Fase: Validación
[2026-05-18 08:44:33] [INFO] === Iteración 28 === | Contexto: {"mision_id":5}
[2026-05-18 08:44:33] [DEBUG] Fase: Análisis
[2026-05-18 08:44:33] [DEBUG] Fase: Planificación
[2026-05-18 08:44:33] [DEBUG] Fase: Ejecución
[2026-05-18 08:44:33] [DEBUG] Fase: Validación
[2026-05-18 08:44:33] [INFO] === Iteración 29 === | Contexto: {"mision_id":5}
[2026-05-18 08:44:33] [DEBUG] Fase: Análisis
[2026-05-18 08:44:33] [DEBUG] Fase: Planificación
[2026-05-18 08:44:33] [DEBUG] Fase: Ejecución
[2026-05-18 08:44:33] [DEBUG] Fase: Validación
[2026-05-18 08:44:33] [INFO] === Iteración 30 === | Contexto: {"mision_id":5}
[2026-05-18 08:44:33] [DEBUG] Fase: Análisis
[2026-05-18 08:44:33] [DEBUG] Fase: Planificación
[2026-05-18 08:44:33] [DEBUG] Fase: Ejecución
[2026-05-18 08:44:33] [DEBUG] Fase: Validación
[2026-05-18 08:44:34] [INFO] === Iteración 31 === | Contexto: {"mision_id":5}
[2026-05-18 08:44:34] [DEBUG] Fase: Análisis
[2026-05-18 08:44:34] [DEBUG] Fase: Planificación
[2026-05-18 08:44:34] [DEBUG] Fase: Ejecución
[2026-05-18 08:44:34] [DEBUG] Fase: Validación
[2026-05-18 08:44:34] [INFO] === Iteración 32 === | Contexto: {"mision_id":5}
[2026-05-18 08:44:34] [DEBUG] Fase: Análisis
[2026-05-18 08:44:34] [DEBUG] Fase: Planificación
[2026-05-18 08:44:34] [DEBUG] Fase: Ejecución
[2026-05-18 08:44:34] [DEBUG] Fase: Validación
[2026-05-18 08:44:34] [INFO] === Iteración 33 === | Contexto: {"mision_id":5}
[2026-05-18 08:44:34] [DEBUG] Fase: Análisis
[2026-05-18 08:44:34] [DEBUG] Fase: Planificación
[2026-05-18 08:44:34] [DEBUG] Fase: Ejecución
[2026-05-18 08:44:34] [DEBUG] Fase: Validación
[2026-05-18 08:44:35] [INFO] === Iteración 34 === | Contexto: {"mision_id":5}
[2026-05-18 08:44:35] [DEBUG] Fase: Análisis
[2026-05-18 08:44:35] [DEBUG] Fase: Planificación
[2026-05-18 08:44:35] [DEBUG] Fase: Ejecución
[2026-05-18 08:44:35] [DEBUG] Fase: Validación
[2026-05-18 08:44:35] [INFO] === Iteración 35 === | Contexto: {"mision_id":5}
[2026-05-18 08:44:35] [DEBUG] Fase: Análisis
[2026-05-18 08:44:35] [DEBUG] Fase: Planificación
[2026-05-18 08:44:35] [DEBUG] Fase: Ejecución
[2026-05-18 08:44:35] [DEBUG] Fase: Validación
[2026-05-18 08:44:35] [INFO] === Iteración 36 === | Contexto: {"mision_id":5}
[2026-05-18 08:44:35] [DEBUG] Fase: Análisis
[2026-05-18 08:44:35] [DEBUG] Fase: Planificación
[2026-05-18 08:44:35] [DEBUG] Fase: Ejecución
[2026-05-18 08:44:35] [DEBUG] Fase: Validación
[2026-05-18 08:44:36] [INFO] === Iteración 37 === | Contexto: {"mision_id":5}
[2026-05-18 08:44:36] [DEBUG] Fase: Análisis
[2026-05-18 08:44:36] [DEBUG] Fase: Planificación
[2026-05-18 08:44:36] [DEBUG] Fase: Ejecución
[2026-05-18 08:44:36] [DEBUG] Fase: Validación
[2026-05-18 08:44:36] [INFO] === Iteración 38 === | Contexto: {"mision_id":5}
[2026-05-18 08:44:36] [DEBUG] Fase: Análisis
[2026-05-18 08:44:36] [DEBUG] Fase: Planificación
[2026-05-18 08:44:36] [DEBUG] Fase: Ejecución
[2026-05-18 08:44:36] [DEBUG] Fase: Validación
[2026-05-18 08:44:36] [INFO] === Iteración 39 === | Contexto: {"mision_id":5}
[2026-05-18 08:44:36] [DEBUG] Fase: Análisis
[2026-05-18 08:44:36] [DEBUG] Fase: Planificación
[2026-05-18 08:44:36] [DEBUG] Fase: Ejecución
[2026-05-18 08:44:36] [DEBUG] Fase: Validación
[2026-05-18 08:44:37] [INFO] === Iteración 40 === | Contexto: {"mision_id":5}
[2026-05-18 08:44:37] [DEBUG] Fase: Análisis
[2026-05-18 08:44:37] [DEBUG] Fase: Planificación
[2026-05-18 08:44:37] [DEBUG] Fase: Ejecución
[2026-05-18 08:44:37] [DEBUG] Fase: Validación
[2026-05-18 08:44:37] [INFO] === Iteración 41 === | Contexto: {"mision_id":5}
[2026-05-18 08:44:37] [DEBUG] Fase: Análisis
[2026-05-18 08:44:37] [DEBUG] Fase: Planificación
[2026-05-18 08:44:37] [DEBUG] Fase: Ejecución
[2026-05-18 08:44:37] [DEBUG] Fase: Validación
[2026-05-18 08:44:37] [INFO] === Iteración 42 === | Contexto: {"mision_id":5}
[2026-05-18 08:44:38] [DEBUG] Fase: Análisis
[2026-05-18 08:44:38] [DEBUG] Fase: Planificación
[2026-05-18 08:44:38] [DEBUG] Fase: Ejecución
[2026-05-18 08:44:38] [DEBUG] Fase: Validación
[2026-05-18 08:44:38] [INFO] === Iteración 43 === | Contexto: {"mision_id":5}
[2026-05-18 08:44:38] [DEBUG] Fase: Análisis
[2026-05-18 08:44:38] [DEBUG] Fase: Planificación
[2026-05-18 08:44:38] [DEBUG] Fase: Ejecución
[2026-05-18 08:44:38] [DEBUG] Fase: Validación
[2026-05-18 08:44:38] [INFO] === Iteración 44 === | Contexto: {"mision_id":5}
[2026-05-18 08:44:38] [DEBUG] Fase: Análisis
[2026-05-18 08:44:38] [DEBUG] Fase: Planificación
[2026-05-18 08:44:38] [DEBUG] Fase: Ejecución
[2026-05-18 08:44:38] [DEBUG] Fase: Validación
[2026-05-18 08:44:39] [INFO] === Iteración 45 === | Contexto: {"mision_id":5}
[2026-05-18 08:44:39] [DEBUG] Fase: Análisis
[2026-05-18 08:44:39] [DEBUG] Fase: Planificación
[2026-05-18 08:44:39] [DEBUG] Fase: Ejecución
[2026-05-18 08:44:39] [DEBUG] Fase: Validación
[2026-05-18 08:44:39] [INFO] === Iteración 46 === | Contexto: {"mision_id":5}
[2026-05-18 08:44:39] [DEBUG] Fase: Análisis
[2026-05-18 08:44:39] [DEBUG] Fase: Planificación
[2026-05-18 08:44:39] [DEBUG] Fase: Ejecución
[2026-05-18 08:44:39] [DEBUG] Fase: Validación
[2026-05-18 08:44:40] [INFO] === Iteración 47 === | Contexto: {"mision_id":5}
[2026-05-18 08:44:40] [DEBUG] Fase: Análisis
[2026-05-18 08:44:40] [DEBUG] Fase: Planificación
[2026-05-18 08:44:40] [DEBUG] Fase: Ejecución
[2026-05-18 08:44:40] [DEBUG] Fase: Validación
[2026-05-18 08:44:40] [INFO] === Iteración 48 === | Contexto: {"mision_id":5}
[2026-05-18 08:44:40] [DEBUG] Fase: Análisis
[2026-05-18 08:44:40] [DEBUG] Fase: Planificación
[2026-05-18 08:44:40] [DEBUG] Fase: Ejecución
[2026-05-18 08:44:40] [DEBUG] Fase: Validación
[2026-05-18 08:44:40] [INFO] === Iteración 49 === | Contexto: {"mision_id":5}
[2026-05-18 08:44:40] [DEBUG] Fase: Análisis
[2026-05-18 08:44:41] [DEBUG] Fase: Planificación
[2026-05-18 08:44:41] [DEBUG] Fase: Ejecución
[2026-05-18 08:44:41] [DEBUG] Fase: Validación
[2026-05-18 08:44:41] [INFO] === Iteración 50 === | Contexto: {"mision_id":5}
[2026-05-18 08:44:41] [DEBUG] Fase: Análisis
[2026-05-18 08:44:41] [DEBUG] Fase: Planificación
[2026-05-18 08:44:41] [DEBUG] Fase: Ejecución
[2026-05-18 08:44:41] [DEBUG] Fase: Validación
[2026-05-18 08:44:41] [WARNING] Máximo de iteraciones alcanzado sin completar | Contexto: {"max_iteraciones":50}
[2026-05-18 17:58:51] [INFO] Misión cargada: Calculadora Simple | Contexto: {"mision_id":6}
[2026-05-18 17:58:52] [INFO] Iniciando ejecución del agente | Contexto: {"mision_id":6,"objetivo":"Implementar calculadora funcional con operaciones básicas"}
[2026-05-18 17:58:52] [INFO] === Iteración 1 === | Contexto: {"mision_id":6}
[2026-05-18 17:58:52] [DEBUG] Fase: Análisis
[2026-05-18 17:58:52] [DEBUG] Fase: Planificación
[2026-05-18 17:58:52] [DEBUG] Fase: Ejecución
[2026-05-18 17:58:53] [DEBUG] Fase: Validación
[2026-05-18 17:58:53] [INFO] === Iteración 2 === | Contexto: {"mision_id":6}
[2026-05-18 17:58:53] [DEBUG] Fase: Análisis
[2026-05-18 17:58:53] [DEBUG] Fase: Planificación
[2026-05-18 17:58:54] [DEBUG] Fase: Ejecución
[2026-05-18 17:58:54] [DEBUG] Fase: Validación
[2026-05-18 17:58:54] [INFO] === Iteración 3 === | Contexto: {"mision_id":6}
[2026-05-18 17:58:55] [DEBUG] Fase: Análisis
[2026-05-18 17:58:55] [DEBUG] Fase: Planificación
[2026-05-18 17:58:56] [DEBUG] Fase: Ejecución
[2026-05-18 17:58:56] [DEBUG] Fase: Validación
[2026-05-18 17:58:56] [INFO] === Iteración 4 === | Contexto: {"mision_id":6}
[2026-05-18 17:58:57] [DEBUG] Fase: Análisis
[2026-05-18 17:58:57] [DEBUG] Fase: Planificación
[2026-05-18 17:58:57] [DEBUG] Fase: Ejecución
[2026-05-18 17:58:57] [DEBUG] Fase: Validación
[2026-05-18 17:58:57] [INFO] === Iteración 5 === | Contexto: {"mision_id":6}
[2026-05-18 17:58:57] [DEBUG] Fase: Análisis
[2026-05-18 17:58:58] [DEBUG] Fase: Planificación
[2026-05-18 17:58:58] [DEBUG] Fase: Ejecución
[2026-05-18 17:58:58] [DEBUG] Fase: Validación
[2026-05-18 17:58:59] [INFO] === Iteración 6 === | Contexto: {"mision_id":6}
[2026-05-18 17:58:59] [DEBUG] Fase: Análisis
[2026-05-18 17:58:59] [DEBUG] Fase: Planificación
[2026-05-18 17:58:59] [DEBUG] Fase: Ejecución
[2026-05-18 17:58:59] [DEBUG] Fase: Validación
[2026-05-18 17:59:00] [INFO] === Iteración 7 === | Contexto: {"mision_id":6}
[2026-05-18 17:59:00] [DEBUG] Fase: Análisis
[2026-05-18 17:59:00] [DEBUG] Fase: Planificación
[2026-05-18 17:59:01] [DEBUG] Fase: Ejecución
[2026-05-18 17:59:01] [DEBUG] Fase: Validación
[2026-05-18 17:59:01] [INFO] === Iteración 8 === | Contexto: {"mision_id":6}
[2026-05-18 17:59:01] [DEBUG] Fase: Análisis
[2026-05-18 17:59:01] [DEBUG] Fase: Planificación
[2026-05-18 17:59:02] [DEBUG] Fase: Ejecución
[2026-05-18 17:59:02] [DEBUG] Fase: Validación
[2026-05-18 17:59:03] [INFO] === Iteración 9 === | Contexto: {"mision_id":6}
[2026-05-18 17:59:03] [DEBUG] Fase: Análisis
[2026-05-18 17:59:03] [DEBUG] Fase: Planificación
[2026-05-18 17:59:03] [DEBUG] Fase: Ejecución
[2026-05-18 17:59:03] [DEBUG] Fase: Validación
[2026-05-18 17:59:04] [INFO] === Iteración 10 === | Contexto: {"mision_id":6}
[2026-05-18 17:59:04] [DEBUG] Fase: Análisis
[2026-05-18 17:59:04] [DEBUG] Fase: Planificación
[2026-05-18 17:59:04] [DEBUG] Fase: Ejecución
[2026-05-18 17:59:04] [DEBUG] Fase: Validación
[2026-05-18 17:59:05] [INFO] === Iteración 11 === | Contexto: {"mision_id":6}
[2026-05-18 17:59:05] [DEBUG] Fase: Análisis
[2026-05-18 17:59:05] [DEBUG] Fase: Planificación
[2026-05-18 17:59:05] [DEBUG] Fase: Ejecución
[2026-05-18 17:59:05] [DEBUG] Fase: Validación
[2026-05-18 17:59:06] [INFO] === Iteración 12 === | Contexto: {"mision_id":6}
[2026-05-18 17:59:06] [DEBUG] Fase: Análisis
[2026-05-18 17:59:06] [DEBUG] Fase: Planificación
[2026-05-18 17:59:06] [DEBUG] Fase: Ejecución
[2026-05-18 17:59:06] [DEBUG] Fase: Validación
[2026-05-18 17:59:07] [INFO] === Iteración 13 === | Contexto: {"mision_id":6}
[2026-05-18 17:59:07] [DEBUG] Fase: Análisis
[2026-05-18 17:59:07] [DEBUG] Fase: Planificación
[2026-05-18 17:59:07] [DEBUG] Fase: Ejecución
[2026-05-18 17:59:07] [DEBUG] Fase: Validación
[2026-05-18 17:59:07] [INFO] === Iteración 14 === | Contexto: {"mision_id":6}
[2026-05-18 17:59:08] [DEBUG] Fase: Análisis
[2026-05-18 17:59:08] [DEBUG] Fase: Planificación
[2026-05-18 17:59:08] [DEBUG] Fase: Ejecución
[2026-05-18 17:59:08] [DEBUG] Fase: Validación
[2026-05-18 17:59:08] [INFO] === Iteración 15 === | Contexto: {"mision_id":6}
[2026-05-18 17:59:08] [DEBUG] Fase: Análisis
[2026-05-18 17:59:09] [DEBUG] Fase: Planificación
[2026-05-18 17:59:09] [DEBUG] Fase: Ejecución
[2026-05-18 17:59:09] [DEBUG] Fase: Validación
[2026-05-18 17:59:09] [INFO] === Iteración 16 === | Contexto: {"mision_id":6}
[2026-05-18 17:59:09] [DEBUG] Fase: Análisis
[2026-05-18 17:59:09] [DEBUG] Fase: Planificación
[2026-05-18 17:59:09] [DEBUG] Fase: Ejecución
[2026-05-18 17:59:09] [DEBUG] Fase: Validación
[2026-05-18 17:59:10] [INFO] === Iteración 17 === | Contexto: {"mision_id":6}
[2026-05-18 17:59:10] [DEBUG] Fase: Análisis
[2026-05-18 17:59:10] [DEBUG] Fase: Planificación
[2026-05-18 17:59:10] [DEBUG] Fase: Ejecución
[2026-05-18 17:59:10] [DEBUG] Fase: Validación
[2026-05-18 17:59:11] [INFO] === Iteración 18 === | Contexto: {"mision_id":6}
[2026-05-18 17:59:11] [DEBUG] Fase: Análisis
[2026-05-18 17:59:11] [DEBUG] Fase: Planificación
[2026-05-18 17:59:11] [DEBUG] Fase: Ejecución
[2026-05-18 17:59:11] [DEBUG] Fase: Validación
[2026-05-18 17:59:12] [INFO] === Iteración 19 === | Contexto: {"mision_id":6}
[2026-05-18 17:59:12] [DEBUG] Fase: Análisis
[2026-05-18 17:59:12] [DEBUG] Fase: Planificación
[2026-05-18 17:59:13] [DEBUG] Fase: Ejecución
[2026-05-18 17:59:13] [DEBUG] Fase: Validación
[2026-05-18 17:59:13] [INFO] === Iteración 20 === | Contexto: {"mision_id":6}
[2026-05-18 17:59:13] [DEBUG] Fase: Análisis
[2026-05-18 17:59:13] [DEBUG] Fase: Planificación
[2026-05-18 17:59:14] [DEBUG] Fase: Ejecución
[2026-05-18 17:59:14] [DEBUG] Fase: Validación
[2026-05-18 17:59:14] [INFO] === Iteración 21 === | Contexto: {"mision_id":6}
[2026-05-18 17:59:14] [DEBUG] Fase: Análisis
[2026-05-18 17:59:14] [DEBUG] Fase: Planificación
[2026-05-18 17:59:14] [DEBUG] Fase: Ejecución
[2026-05-18 17:59:15] [DEBUG] Fase: Validación
[2026-05-18 17:59:15] [INFO] === Iteración 22 === | Contexto: {"mision_id":6}
[2026-05-18 17:59:15] [DEBUG] Fase: Análisis
[2026-05-18 17:59:15] [DEBUG] Fase: Planificación
[2026-05-18 17:59:15] [DEBUG] Fase: Ejecución
[2026-05-18 17:59:16] [DEBUG] Fase: Validación
[2026-05-18 17:59:16] [INFO] === Iteración 23 === | Contexto: {"mision_id":6}
[2026-05-18 17:59:16] [DEBUG] Fase: Análisis
[2026-05-18 17:59:16] [DEBUG] Fase: Planificación
[2026-05-18 17:59:16] [DEBUG] Fase: Ejecución
[2026-05-18 17:59:16] [DEBUG] Fase: Validación
[2026-05-18 17:59:17] [INFO] === Iteración 24 === | Contexto: {"mision_id":6}
[2026-05-18 17:59:17] [DEBUG] Fase: Análisis
[2026-05-18 17:59:17] [DEBUG] Fase: Planificación
[2026-05-18 17:59:17] [DEBUG] Fase: Ejecución
[2026-05-18 17:59:18] [DEBUG] Fase: Validación
[2026-05-18 17:59:18] [INFO] === Iteración 25 === | Contexto: {"mision_id":6}
[2026-05-18 17:59:18] [DEBUG] Fase: Análisis
[2026-05-18 17:59:18] [DEBUG] Fase: Planificación
[2026-05-18 17:59:19] [DEBUG] Fase: Ejecución
[2026-05-18 17:59:19] [DEBUG] Fase: Validación
[2026-05-18 17:59:20] [INFO] === Iteración 26 === | Contexto: {"mision_id":6}
[2026-05-18 17:59:20] [DEBUG] Fase: Análisis
[2026-05-18 17:59:20] [DEBUG] Fase: Planificación
[2026-05-18 17:59:20] [DEBUG] Fase: Ejecución
[2026-05-18 17:59:20] [DEBUG] Fase: Validación
[2026-05-18 17:59:21] [INFO] === Iteración 27 === | Contexto: {"mision_id":6}
[2026-05-18 17:59:21] [DEBUG] Fase: Análisis
[2026-05-18 17:59:21] [DEBUG] Fase: Planificación
[2026-05-18 17:59:21] [DEBUG] Fase: Ejecución
[2026-05-18 17:59:21] [DEBUG] Fase: Validación
[2026-05-18 17:59:21] [INFO] === Iteración 28 === | Contexto: {"mision_id":6}
[2026-05-18 17:59:22] [DEBUG] Fase: Análisis
[2026-05-18 17:59:22] [DEBUG] Fase: Planificación
[2026-05-18 17:59:22] [DEBUG] Fase: Ejecución
[2026-05-18 17:59:22] [DEBUG] Fase: Validación
[2026-05-18 17:59:22] [INFO] === Iteración 29 === | Contexto: {"mision_id":6}
[2026-05-18 17:59:23] [DEBUG] Fase: Análisis
[2026-05-18 17:59:23] [DEBUG] Fase: Planificación
[2026-05-18 17:59:23] [DEBUG] Fase: Ejecución
[2026-05-18 17:59:23] [DEBUG] Fase: Validación
[2026-05-18 17:59:24] [INFO] === Iteración 30 === | Contexto: {"mision_id":6}
[2026-05-18 17:59:24] [DEBUG] Fase: Análisis
[2026-05-18 17:59:24] [DEBUG] Fase: Planificación
[2026-05-18 17:59:24] [DEBUG] Fase: Ejecución
[2026-05-18 17:59:24] [DEBUG] Fase: Validación
[2026-05-18 17:59:25] [INFO] === Iteración 31 === | Contexto: {"mision_id":6}
[2026-05-18 17:59:25] [DEBUG] Fase: Análisis
[2026-05-18 17:59:25] [DEBUG] Fase: Planificación
[2026-05-18 17:59:25] [DEBUG] Fase: Ejecución
[2026-05-18 17:59:26] [DEBUG] Fase: Validación
[2026-05-18 17:59:26] [INFO] === Iteración 32 === | Contexto: {"mision_id":6}
[2026-05-18 17:59:26] [DEBUG] Fase: Análisis
[2026-05-18 17:59:26] [DEBUG] Fase: Planificación
[2026-05-18 17:59:26] [DEBUG] Fase: Ejecución
[2026-05-18 17:59:26] [DEBUG] Fase: Validación
[2026-05-18 17:59:27] [INFO] === Iteración 33 === | Contexto: {"mision_id":6}
[2026-05-18 17:59:27] [DEBUG] Fase: Análisis
[2026-05-18 17:59:27] [DEBUG] Fase: Planificación
[2026-05-18 17:59:27] [DEBUG] Fase: Ejecución
[2026-05-18 17:59:27] [DEBUG] Fase: Validación
[2026-05-18 17:59:27] [INFO] === Iteración 34 === | Contexto: {"mision_id":6}
[2026-05-18 17:59:27] [DEBUG] Fase: Análisis
[2026-05-18 17:59:27] [DEBUG] Fase: Planificación
[2026-05-18 17:59:28] [DEBUG] Fase: Ejecución
[2026-05-18 17:59:28] [DEBUG] Fase: Validación
[2026-05-18 17:59:29] [INFO] === Iteración 35 === | Contexto: {"mision_id":6}
[2026-05-18 17:59:29] [DEBUG] Fase: Análisis
[2026-05-18 17:59:29] [DEBUG] Fase: Planificación
[2026-05-18 17:59:29] [DEBUG] Fase: Ejecución
[2026-05-18 17:59:30] [DEBUG] Fase: Validación
[2026-05-18 17:59:30] [INFO] === Iteración 36 === | Contexto: {"mision_id":6}
[2026-05-18 17:59:30] [DEBUG] Fase: Análisis
[2026-05-18 17:59:30] [DEBUG] Fase: Planificación
[2026-05-18 17:59:31] [DEBUG] Fase: Ejecución
[2026-05-18 17:59:31] [DEBUG] Fase: Validación
[2026-05-18 17:59:31] [INFO] === Iteración 37 === | Contexto: {"mision_id":6}
[2026-05-18 17:59:31] [DEBUG] Fase: Análisis
[2026-05-18 17:59:32] [DEBUG] Fase: Planificación
[2026-05-18 17:59:32] [DEBUG] Fase: Ejecución
[2026-05-18 17:59:32] [DEBUG] Fase: Validación
[2026-05-18 17:59:33] [INFO] === Iteración 38 === | Contexto: {"mision_id":6}
[2026-05-18 17:59:33] [DEBUG] Fase: Análisis
[2026-05-18 17:59:33] [DEBUG] Fase: Planificación
[2026-05-18 17:59:33] [DEBUG] Fase: Ejecución
[2026-05-18 17:59:33] [DEBUG] Fase: Validación
[2026-05-18 17:59:34] [INFO] === Iteración 39 === | Contexto: {"mision_id":6}
[2026-05-18 17:59:34] [DEBUG] Fase: Análisis
[2026-05-18 17:59:34] [DEBUG] Fase: Planificación
[2026-05-18 17:59:34] [DEBUG] Fase: Ejecución
[2026-05-18 17:59:34] [DEBUG] Fase: Validación
[2026-05-18 17:59:34] [INFO] === Iteración 40 === | Contexto: {"mision_id":6}
[2026-05-18 17:59:35] [DEBUG] Fase: Análisis
[2026-05-18 17:59:35] [DEBUG] Fase: Planificación
[2026-05-18 17:59:36] [DEBUG] Fase: Ejecución
[2026-05-18 17:59:36] [DEBUG] Fase: Validación
[2026-05-18 17:59:36] [INFO] === Iteración 41 === | Contexto: {"mision_id":6}
[2026-05-18 17:59:36] [DEBUG] Fase: Análisis
[2026-05-18 17:59:37] [DEBUG] Fase: Planificación
[2026-05-18 17:59:37] [DEBUG] Fase: Ejecución
[2026-05-18 17:59:37] [DEBUG] Fase: Validación
[2026-05-18 17:59:37] [INFO] === Iteración 42 === | Contexto: {"mision_id":6}
[2026-05-18 17:59:37] [DEBUG] Fase: Análisis
[2026-05-18 17:59:37] [DEBUG] Fase: Planificación
[2026-05-18 17:59:38] [DEBUG] Fase: Ejecución
[2026-05-18 17:59:38] [DEBUG] Fase: Validación
[2026-05-18 17:59:38] [INFO] === Iteración 43 === | Contexto: {"mision_id":6}
[2026-05-18 17:59:38] [DEBUG] Fase: Análisis
[2026-05-18 17:59:38] [DEBUG] Fase: Planificación
[2026-05-18 17:59:39] [DEBUG] Fase: Ejecución
[2026-05-18 17:59:39] [DEBUG] Fase: Validación
[2026-05-18 17:59:39] [INFO] === Iteración 44 === | Contexto: {"mision_id":6}
[2026-05-18 17:59:40] [DEBUG] Fase: Análisis
[2026-05-18 17:59:40] [DEBUG] Fase: Planificación
[2026-05-18 17:59:40] [DEBUG] Fase: Ejecución
[2026-05-18 17:59:40] [DEBUG] Fase: Validación
[2026-05-18 17:59:41] [INFO] === Iteración 45 === | Contexto: {"mision_id":6}
[2026-05-18 17:59:41] [DEBUG] Fase: Análisis
[2026-05-18 17:59:41] [DEBUG] Fase: Planificación
[2026-05-18 17:59:41] [DEBUG] Fase: Ejecución
[2026-05-18 17:59:41] [DEBUG] Fase: Validación
[2026-05-18 17:59:42] [INFO] === Iteración 46 === | Contexto: {"mision_id":6}
[2026-05-18 17:59:42] [DEBUG] Fase: Análisis
[2026-05-18 17:59:42] [DEBUG] Fase: Planificación
[2026-05-18 17:59:42] [DEBUG] Fase: Ejecución
[2026-05-18 17:59:42] [DEBUG] Fase: Validación
[2026-05-18 17:59:43] [INFO] === Iteración 47 === | Contexto: {"mision_id":6}
[2026-05-18 17:59:43] [DEBUG] Fase: Análisis
[2026-05-18 17:59:43] [DEBUG] Fase: Planificación
[2026-05-18 17:59:43] [DEBUG] Fase: Ejecución
[2026-05-18 17:59:43] [DEBUG] Fase: Validación
[2026-05-18 17:59:44] [INFO] === Iteración 48 === | Contexto: {"mision_id":6}
[2026-05-18 17:59:44] [DEBUG] Fase: Análisis
[2026-05-18 17:59:44] [DEBUG] Fase: Planificación
[2026-05-18 17:59:44] [DEBUG] Fase: Ejecución
[2026-05-18 17:59:44] [DEBUG] Fase: Validación
[2026-05-18 17:59:45] [INFO] === Iteración 49 === | Contexto: {"mision_id":6}
[2026-05-18 17:59:45] [DEBUG] Fase: Análisis
[2026-05-18 17:59:45] [DEBUG] Fase: Planificación
[2026-05-18 17:59:45] [DEBUG] Fase: Ejecución
[2026-05-18 17:59:45] [DEBUG] Fase: Validación
[2026-05-18 17:59:46] [INFO] === Iteración 50 === | Contexto: {"mision_id":6}
[2026-05-18 17:59:46] [DEBUG] Fase: Análisis
[2026-05-18 17:59:46] [DEBUG] Fase: Planificación
[2026-05-18 17:59:46] [DEBUG] Fase: Ejecución
[2026-05-18 17:59:46] [DEBUG] Fase: Validación
[2026-05-18 17:59:46] [WARNING] Máximo de iteraciones alcanzado sin completar | Contexto: {"max_iteraciones":50}
[2026-05-18 18:16:02] [INFO] Misión cargada: Calculadora Simple | Contexto: {"mision_id":6}
[2026-05-18 18:16:02] [INFO] Iniciando ejecución del agente | Contexto: {"mision_id":6,"objetivo":"Implementar calculadora funcional con operaciones básicas"}
[2026-05-18 18:16:02] [INFO] === Iteración 1 === | Contexto: {"mision_id":6}
[2026-05-18 18:16:02] [DEBUG] Fase: Análisis
[2026-05-18 18:16:02] [DEBUG] Fase: Planificación
[2026-05-18 18:16:02] [DEBUG] Fase: Ejecución
[2026-05-18 18:16:02] [DEBUG] Fase: Validación
[2026-05-18 18:16:02] [INFO] === Iteración 2 === | Contexto: {"mision_id":6}
[2026-05-18 18:16:02] [DEBUG] Fase: Análisis
[2026-05-18 18:16:02] [DEBUG] Fase: Planificación
[2026-05-18 18:16:02] [DEBUG] Fase: Ejecución
[2026-05-18 18:16:02] [DEBUG] Fase: Validación
[2026-05-18 18:16:02] [INFO] === Iteración 3 === | Contexto: {"mision_id":6}
[2026-05-18 18:16:02] [DEBUG] Fase: Análisis
[2026-05-18 18:16:02] [DEBUG] Fase: Planificación
[2026-05-18 18:16:02] [DEBUG] Fase: Ejecución
[2026-05-18 18:16:02] [DEBUG] Fase: Validación
[2026-05-18 18:16:03] [INFO] === Iteración 4 === | Contexto: {"mision_id":6}
[2026-05-18 18:16:03] [DEBUG] Fase: Análisis
[2026-05-18 18:16:03] [DEBUG] Fase: Planificación
[2026-05-18 18:16:03] [DEBUG] Fase: Ejecución
[2026-05-18 18:16:03] [DEBUG] Fase: Validación
[2026-05-18 18:16:03] [INFO] === Iteración 5 === | Contexto: {"mision_id":6}
[2026-05-18 18:16:03] [DEBUG] Fase: Análisis
[2026-05-18 18:16:03] [DEBUG] Fase: Planificación
[2026-05-18 18:16:03] [DEBUG] Fase: Ejecución
[2026-05-18 18:16:03] [DEBUG] Fase: Validación
[2026-05-18 18:16:03] [INFO] === Iteración 6 === | Contexto: {"mision_id":6}
[2026-05-18 18:16:03] [DEBUG] Fase: Análisis
[2026-05-18 18:16:03] [DEBUG] Fase: Planificación
[2026-05-18 18:16:03] [DEBUG] Fase: Ejecución
[2026-05-18 18:16:04] [DEBUG] Fase: Validación
[2026-05-18 18:16:04] [INFO] === Iteración 7 === | Contexto: {"mision_id":6}
[2026-05-18 18:16:04] [DEBUG] Fase: Análisis
[2026-05-18 18:16:04] [DEBUG] Fase: Planificación
[2026-05-18 18:16:04] [DEBUG] Fase: Ejecución
[2026-05-18 18:16:04] [DEBUG] Fase: Validación
[2026-05-18 18:16:04] [INFO] === Iteración 8 === | Contexto: {"mision_id":6}
[2026-05-18 18:16:04] [DEBUG] Fase: Análisis
[2026-05-18 18:16:04] [DEBUG] Fase: Planificación
[2026-05-18 18:16:04] [DEBUG] Fase: Ejecución
[2026-05-18 18:16:04] [DEBUG] Fase: Validación
[2026-05-18 18:16:04] [INFO] === Iteración 9 === | Contexto: {"mision_id":6}
[2026-05-18 18:16:04] [DEBUG] Fase: Análisis
[2026-05-18 18:16:04] [DEBUG] Fase: Planificación
[2026-05-18 18:16:04] [DEBUG] Fase: Ejecución
[2026-05-18 18:16:04] [DEBUG] Fase: Validación
[2026-05-18 18:16:05] [INFO] === Iteración 10 === | Contexto: {"mision_id":6}
[2026-05-18 18:16:05] [DEBUG] Fase: Análisis
[2026-05-18 18:16:05] [DEBUG] Fase: Planificación
[2026-05-18 18:16:05] [DEBUG] Fase: Ejecución
[2026-05-18 18:16:05] [DEBUG] Fase: Validación
[2026-05-18 18:16:05] [INFO] === Iteración 11 === | Contexto: {"mision_id":6}
[2026-05-18 18:16:05] [DEBUG] Fase: Análisis
[2026-05-18 18:16:05] [DEBUG] Fase: Planificación
[2026-05-18 18:16:05] [DEBUG] Fase: Ejecución
[2026-05-18 18:16:05] [DEBUG] Fase: Validación
[2026-05-18 18:16:05] [INFO] === Iteración 12 === | Contexto: {"mision_id":6}
[2026-05-18 18:16:06] [DEBUG] Fase: Análisis
[2026-05-18 18:16:06] [DEBUG] Fase: Planificación
[2026-05-18 18:16:06] [DEBUG] Fase: Ejecución
[2026-05-18 18:16:06] [DEBUG] Fase: Validación
[2026-05-18 18:16:06] [INFO] === Iteración 13 === | Contexto: {"mision_id":6}
[2026-05-18 18:16:06] [DEBUG] Fase: Análisis
[2026-05-18 18:16:06] [DEBUG] Fase: Planificación
[2026-05-18 18:16:06] [DEBUG] Fase: Ejecución
[2026-05-18 18:16:06] [DEBUG] Fase: Validación
[2026-05-18 18:16:06] [INFO] === Iteración 14 === | Contexto: {"mision_id":6}
[2026-05-18 18:16:06] [DEBUG] Fase: Análisis
[2026-05-18 18:16:06] [DEBUG] Fase: Planificación
[2026-05-18 18:16:06] [DEBUG] Fase: Ejecución
[2026-05-18 18:16:06] [DEBUG] Fase: Validación
[2026-05-18 18:16:06] [INFO] === Iteración 15 === | Contexto: {"mision_id":6}
[2026-05-18 18:16:06] [DEBUG] Fase: Análisis
[2026-05-18 18:16:07] [DEBUG] Fase: Planificación
[2026-05-18 18:16:07] [DEBUG] Fase: Ejecución
[2026-05-18 18:16:07] [DEBUG] Fase: Validación
[2026-05-18 18:16:07] [INFO] === Iteración 16 === | Contexto: {"mision_id":6}
[2026-05-18 18:16:07] [DEBUG] Fase: Análisis
[2026-05-18 18:16:07] [DEBUG] Fase: Planificación
[2026-05-18 18:16:07] [DEBUG] Fase: Ejecución
[2026-05-18 18:16:07] [DEBUG] Fase: Validación
[2026-05-18 18:16:07] [INFO] === Iteración 17 === | Contexto: {"mision_id":6}
[2026-05-18 18:16:08] [DEBUG] Fase: Análisis
[2026-05-18 18:16:08] [DEBUG] Fase: Planificación
[2026-05-18 18:16:08] [DEBUG] Fase: Ejecución
[2026-05-18 18:16:08] [DEBUG] Fase: Validación
[2026-05-18 18:16:08] [INFO] === Iteración 18 === | Contexto: {"mision_id":6}
[2026-05-18 18:16:08] [DEBUG] Fase: Análisis
[2026-05-18 18:16:08] [DEBUG] Fase: Planificación
[2026-05-18 18:16:08] [DEBUG] Fase: Ejecución
[2026-05-18 18:16:08] [DEBUG] Fase: Validación
[2026-05-18 18:16:08] [INFO] === Iteración 19 === | Contexto: {"mision_id":6}
[2026-05-18 18:16:08] [DEBUG] Fase: Análisis
[2026-05-18 18:16:08] [DEBUG] Fase: Planificación
[2026-05-18 18:16:08] [DEBUG] Fase: Ejecución
[2026-05-18 18:16:08] [DEBUG] Fase: Validación
[2026-05-18 18:16:09] [INFO] === Iteración 20 === | Contexto: {"mision_id":6}
[2026-05-18 18:16:09] [DEBUG] Fase: Análisis
[2026-05-18 18:16:09] [DEBUG] Fase: Planificación
[2026-05-18 18:16:09] [DEBUG] Fase: Ejecución
[2026-05-18 18:16:09] [DEBUG] Fase: Validación
[2026-05-18 18:16:09] [INFO] === Iteración 21 === | Contexto: {"mision_id":6}
[2026-05-18 18:16:09] [DEBUG] Fase: Análisis
[2026-05-18 18:16:09] [DEBUG] Fase: Planificación
[2026-05-18 18:16:09] [DEBUG] Fase: Ejecución
[2026-05-18 18:16:09] [DEBUG] Fase: Validación
[2026-05-18 18:16:10] [INFO] === Iteración 22 === | Contexto: {"mision_id":6}
[2026-05-18 18:16:10] [DEBUG] Fase: Análisis
[2026-05-18 18:16:10] [DEBUG] Fase: Planificación
[2026-05-18 18:16:10] [DEBUG] Fase: Ejecución
[2026-05-18 18:16:10] [DEBUG] Fase: Validación
[2026-05-18 18:16:10] [INFO] === Iteración 23 === | Contexto: {"mision_id":6}
[2026-05-18 18:16:10] [DEBUG] Fase: Análisis
[2026-05-18 18:16:10] [DEBUG] Fase: Planificación
[2026-05-18 18:16:10] [DEBUG] Fase: Ejecución
[2026-05-18 18:16:10] [DEBUG] Fase: Validación
[2026-05-18 18:16:10] [INFO] === Iteración 24 === | Contexto: {"mision_id":6}
[2026-05-18 18:16:10] [DEBUG] Fase: Análisis
[2026-05-18 18:16:10] [DEBUG] Fase: Planificación
[2026-05-18 18:16:10] [DEBUG] Fase: Ejecución
[2026-05-18 18:16:10] [DEBUG] Fase: Validación
[2026-05-18 18:16:11] [INFO] === Iteración 25 === | Contexto: {"mision_id":6}
[2026-05-18 18:16:11] [DEBUG] Fase: Análisis
[2026-05-18 18:16:11] [DEBUG] Fase: Planificación
[2026-05-18 18:16:11] [DEBUG] Fase: Ejecución
[2026-05-18 18:16:11] [DEBUG] Fase: Validación
[2026-05-18 18:16:11] [INFO] === Iteración 26 === | Contexto: {"mision_id":6}
[2026-05-18 18:16:11] [DEBUG] Fase: Análisis
[2026-05-18 18:16:11] [DEBUG] Fase: Planificación
[2026-05-18 18:16:11] [DEBUG] Fase: Ejecución
[2026-05-18 18:16:11] [DEBUG] Fase: Validación
[2026-05-18 18:16:11] [INFO] === Iteración 27 === | Contexto: {"mision_id":6}
[2026-05-18 18:16:11] [DEBUG] Fase: Análisis
[2026-05-18 18:16:11] [DEBUG] Fase: Planificación
[2026-05-18 18:16:11] [DEBUG] Fase: Ejecución
[2026-05-18 18:16:11] [DEBUG] Fase: Validación
[2026-05-18 18:16:12] [INFO] === Iteración 28 === | Contexto: {"mision_id":6}
[2026-05-18 18:16:12] [DEBUG] Fase: Análisis
[2026-05-18 18:16:12] [DEBUG] Fase: Planificación
[2026-05-18 18:16:12] [DEBUG] Fase: Ejecución
[2026-05-18 18:16:12] [DEBUG] Fase: Validación
[2026-05-18 18:16:12] [INFO] === Iteración 29 === | Contexto: {"mision_id":6}
[2026-05-18 18:16:12] [DEBUG] Fase: Análisis
[2026-05-18 18:16:12] [DEBUG] Fase: Planificación
[2026-05-18 18:16:12] [DEBUG] Fase: Ejecución
[2026-05-18 18:16:12] [DEBUG] Fase: Validación
[2026-05-18 18:16:12] [INFO] === Iteración 30 === | Contexto: {"mision_id":6}
[2026-05-18 18:16:12] [DEBUG] Fase: Análisis
[2026-05-18 18:16:12] [DEBUG] Fase: Planificación
[2026-05-18 18:16:12] [DEBUG] Fase: Ejecución
[2026-05-18 18:16:12] [DEBUG] Fase: Validación
[2026-05-18 18:16:13] [INFO] === Iteración 31 === | Contexto: {"mision_id":6}
[2026-05-18 18:16:13] [DEBUG] Fase: Análisis
[2026-05-18 18:16:13] [DEBUG] Fase: Planificación
[2026-05-18 18:16:13] [DEBUG] Fase: Ejecución
[2026-05-18 18:16:13] [DEBUG] Fase: Validación
[2026-05-18 18:16:13] [INFO] === Iteración 32 === | Contexto: {"mision_id":6}
[2026-05-18 18:16:13] [DEBUG] Fase: Análisis
[2026-05-18 18:16:13] [DEBUG] Fase: Planificación
[2026-05-18 18:16:13] [DEBUG] Fase: Ejecución
[2026-05-18 18:16:13] [DEBUG] Fase: Validación
[2026-05-18 18:16:13] [INFO] === Iteración 33 === | Contexto: {"mision_id":6}
[2026-05-18 18:16:13] [DEBUG] Fase: Análisis
[2026-05-18 18:16:13] [DEBUG] Fase: Planificación
[2026-05-18 18:16:13] [DEBUG] Fase: Ejecución
[2026-05-18 18:16:13] [DEBUG] Fase: Validación
[2026-05-18 18:16:14] [INFO] === Iteración 34 === | Contexto: {"mision_id":6}
[2026-05-18 18:16:14] [DEBUG] Fase: Análisis
[2026-05-18 18:16:14] [DEBUG] Fase: Planificación
[2026-05-18 18:16:14] [DEBUG] Fase: Ejecución
[2026-05-18 18:16:14] [DEBUG] Fase: Validación
[2026-05-18 18:16:14] [INFO] === Iteración 35 === | Contexto: {"mision_id":6}
[2026-05-18 18:16:14] [DEBUG] Fase: Análisis
[2026-05-18 18:16:14] [DEBUG] Fase: Planificación
[2026-05-18 18:16:14] [DEBUG] Fase: Ejecución
[2026-05-18 18:16:14] [DEBUG] Fase: Validación
[2026-05-18 18:16:14] [INFO] === Iteración 36 === | Contexto: {"mision_id":6}
[2026-05-18 18:16:14] [DEBUG] Fase: Análisis
[2026-05-18 18:16:15] [DEBUG] Fase: Planificación
[2026-05-18 18:16:15] [DEBUG] Fase: Ejecución
[2026-05-18 18:16:15] [DEBUG] Fase: Validación
[2026-05-18 18:16:15] [INFO] === Iteración 37 === | Contexto: {"mision_id":6}
[2026-05-18 18:16:15] [DEBUG] Fase: Análisis
[2026-05-18 18:16:15] [DEBUG] Fase: Planificación
[2026-05-18 18:16:15] [DEBUG] Fase: Ejecución
[2026-05-18 18:16:15] [DEBUG] Fase: Validación
[2026-05-18 18:16:15] [INFO] === Iteración 38 === | Contexto: {"mision_id":6}
[2026-05-18 18:16:15] [DEBUG] Fase: Análisis
[2026-05-18 18:16:15] [DEBUG] Fase: Planificación
[2026-05-18 18:16:15] [DEBUG] Fase: Ejecución
[2026-05-18 18:16:15] [DEBUG] Fase: Validación
[2026-05-18 18:16:15] [INFO] === Iteración 39 === | Contexto: {"mision_id":6}
[2026-05-18 18:16:15] [DEBUG] Fase: Análisis
[2026-05-18 18:16:15] [DEBUG] Fase: Planificación
[2026-05-18 18:16:16] [DEBUG] Fase: Ejecución
[2026-05-18 18:16:16] [DEBUG] Fase: Validación
[2026-05-18 18:16:16] [INFO] === Iteración 40 === | Contexto: {"mision_id":6}
[2026-05-18 18:16:16] [DEBUG] Fase: Análisis
[2026-05-18 18:16:16] [DEBUG] Fase: Planificación
[2026-05-18 18:16:16] [DEBUG] Fase: Ejecución
[2026-05-18 18:16:16] [DEBUG] Fase: Validación
[2026-05-18 18:16:16] [INFO] === Iteración 41 === | Contexto: {"mision_id":6}
[2026-05-18 18:16:16] [DEBUG] Fase: Análisis
[2026-05-18 18:16:16] [DEBUG] Fase: Planificación
[2026-05-18 18:16:16] [DEBUG] Fase: Ejecución
[2026-05-18 18:16:16] [DEBUG] Fase: Validación
[2026-05-18 18:16:16] [INFO] === Iteración 42 === | Contexto: {"mision_id":6}
[2026-05-18 18:16:17] [DEBUG] Fase: Análisis
[2026-05-18 18:16:17] [DEBUG] Fase: Planificación
[2026-05-18 18:16:17] [DEBUG] Fase: Ejecución
[2026-05-18 18:16:17] [DEBUG] Fase: Validación
[2026-05-18 18:16:17] [INFO] === Iteración 43 === | Contexto: {"mision_id":6}
[2026-05-18 18:16:17] [DEBUG] Fase: Análisis
[2026-05-18 18:16:17] [DEBUG] Fase: Planificación
[2026-05-18 18:16:17] [DEBUG] Fase: Ejecución
[2026-05-18 18:16:17] [DEBUG] Fase: Validación
[2026-05-18 18:16:17] [INFO] === Iteración 44 === | Contexto: {"mision_id":6}
[2026-05-18 18:16:17] [DEBUG] Fase: Análisis
[2026-05-18 18:16:17] [DEBUG] Fase: Planificación
[2026-05-18 18:16:17] [DEBUG] Fase: Ejecución
[2026-05-18 18:16:17] [DEBUG] Fase: Validación
[2026-05-18 18:16:17] [INFO] === Iteración 45 === | Contexto: {"mision_id":6}
[2026-05-18 18:16:17] [DEBUG] Fase: Análisis
[2026-05-18 18:16:18] [DEBUG] Fase: Planificación
[2026-05-18 18:16:18] [DEBUG] Fase: Ejecución
[2026-05-18 18:16:18] [DEBUG] Fase: Validación
[2026-05-18 18:16:18] [INFO] === Iteración 46 === | Contexto: {"mision_id":6}
[2026-05-18 18:16:18] [DEBUG] Fase: Análisis
[2026-05-18 18:16:18] [DEBUG] Fase: Planificación
[2026-05-18 18:16:18] [DEBUG] Fase: Ejecución
[2026-05-18 18:16:18] [DEBUG] Fase: Validación
[2026-05-18 18:16:18] [INFO] === Iteración 47 === | Contexto: {"mision_id":6}
[2026-05-18 18:16:18] [DEBUG] Fase: Análisis
[2026-05-18 18:16:18] [DEBUG] Fase: Planificación
[2026-05-18 18:16:18] [DEBUG] Fase: Ejecución
[2026-05-18 18:16:18] [DEBUG] Fase: Validación
[2026-05-18 18:16:18] [INFO] === Iteración 48 === | Contexto: {"mision_id":6}
[2026-05-18 18:16:19] [DEBUG] Fase: Análisis
[2026-05-18 18:16:19] [DEBUG] Fase: Planificación
[2026-05-18 18:16:19] [DEBUG] Fase: Ejecución
[2026-05-18 18:16:19] [DEBUG] Fase: Validación
[2026-05-18 18:16:19] [INFO] === Iteración 49 === | Contexto: {"mision_id":6}
[2026-05-18 18:16:19] [DEBUG] Fase: Análisis
[2026-05-18 18:16:19] [DEBUG] Fase: Planificación
[2026-05-18 18:16:19] [DEBUG] Fase: Ejecución
[2026-05-18 18:16:19] [DEBUG] Fase: Validación
[2026-05-18 18:16:19] [INFO] === Iteración 50 === | Contexto: {"mision_id":6}
[2026-05-18 18:16:19] [DEBUG] Fase: Análisis
[2026-05-18 18:16:19] [DEBUG] Fase: Planificación
[2026-05-18 18:16:19] [DEBUG] Fase: Ejecución
[2026-05-18 18:16:19] [DEBUG] Fase: Validación
[2026-05-18 18:16:19] [WARNING] Máximo de iteraciones alcanzado sin completar | Contexto: {"max_iteraciones":50}
[2026-05-18 18:20:52] [INFO] Misión cargada: Calculadora Simple | Contexto: {"mision_id":6}
[2026-05-18 18:20:52] [INFO] Iniciando ejecución del agente | Contexto: {"mision_id":6,"objetivo":"Implementar calculadora funcional con operaciones básicas"}
[2026-05-18 18:20:52] [INFO] === Iteración 1 === | Contexto: {"mision_id":6}
[2026-05-18 18:20:52] [INFO] >>> Iniciando iteración 1
[2026-05-18 18:20:52] [DEBUG] Fase 1: Análisis
[2026-05-18 18:20:52] [DEBUG] Fase: Análisis
[2026-05-18 18:20:52] [DEBUG] Análisis completado
[2026-05-18 18:20:52] [DEBUG] Fase 2: Planificación
[2026-05-18 18:20:52] [DEBUG] Fase: Planificación
[2026-05-18 18:20:52] [DEBUG] Planificación completada
[2026-05-18 18:20:52] [DEBUG] Fase 3: Ejecución
[2026-05-18 18:20:52] [DEBUG] Fase: Ejecución
[2026-05-18 18:20:52] [DEBUG] Ejecución completada
[2026-05-18 18:20:53] [DEBUG] Fase 4: Validación con iteracion=1
[2026-05-18 18:20:53] [DEBUG] Fase: Validación
[2026-05-18 18:20:53] [DEBUG] Validación completada: {"completada":false,"progreso":0,"fallo_critico":false,"mensaje":"```php\n<?php\n\/\/ C\u00f3digo de ejemplo generado\necho 'Funcionalidad implementada';\n?>\n```"}
[2026-05-18 18:20:53] [DEBUG] Determinando resultado: completada=false, fallo_critico=false
[2026-05-18 18:20:53] [INFO] Resultado de iteración 1: parcial (progreso: 0%)
[2026-05-18 18:20:53] [DEBUG] Resultado de ejecutarIteracion(): {"completada":false,"fallo_critico":false,"razon":"```php\n<?php\n\/\/ C\u00f3digo de ejemplo generado\necho 'Funcionalidad implementada';\n?>\n```","progreso":0,"iteracion_id":"229"}
[2026-05-18 18:20:53] [INFO] === Iteración 2 === | Contexto: {"mision_id":6}
[2026-05-18 18:20:53] [INFO] >>> Iniciando iteración 2
[2026-05-18 18:20:53] [DEBUG] Fase 1: Análisis
[2026-05-18 18:20:53] [DEBUG] Fase: Análisis
[2026-05-18 18:20:53] [DEBUG] Análisis completado
[2026-05-18 18:20:53] [DEBUG] Fase 2: Planificación
[2026-05-18 18:20:53] [DEBUG] Fase: Planificación
[2026-05-18 18:20:53] [DEBUG] Planificación completada
[2026-05-18 18:20:53] [DEBUG] Fase 3: Ejecución
[2026-05-18 18:20:53] [DEBUG] Fase: Ejecución
[2026-05-18 18:20:53] [DEBUG] Ejecución completada
[2026-05-18 18:20:53] [DEBUG] Fase 4: Validación con iteracion=2
[2026-05-18 18:20:53] [DEBUG] Fase: Validación
[2026-05-18 18:20:53] [DEBUG] Validación completada: {"completada":false,"progreso":0,"fallo_critico":false,"mensaje":"```php\n<?php\n\/\/ C\u00f3digo de ejemplo generado\necho 'Funcionalidad implementada';\n?>\n```"}
[2026-05-18 18:20:53] [DEBUG] Determinando resultado: completada=false, fallo_critico=false
[2026-05-18 18:20:53] [INFO] Resultado de iteración 2: parcial (progreso: 0%)
[2026-05-18 18:20:53] [DEBUG] Resultado de ejecutarIteracion(): {"completada":false,"fallo_critico":false,"razon":"```php\n<?php\n\/\/ C\u00f3digo de ejemplo generado\necho 'Funcionalidad implementada';\n?>\n```","progreso":0,"iteracion_id":"230"}
[2026-05-18 18:20:54] [INFO] === Iteración 3 === | Contexto: {"mision_id":6}
[2026-05-18 18:20:54] [INFO] >>> Iniciando iteración 3
[2026-05-18 18:20:54] [DEBUG] Fase 1: Análisis
[2026-05-18 18:20:54] [DEBUG] Fase: Análisis
[2026-05-18 18:20:54] [DEBUG] Análisis completado
[2026-05-18 18:20:54] [DEBUG] Fase 2: Planificación
[2026-05-18 18:20:54] [DEBUG] Fase: Planificación
[2026-05-18 18:20:54] [DEBUG] Planificación completada
[2026-05-18 18:20:54] [DEBUG] Fase 3: Ejecución
[2026-05-18 18:20:54] [DEBUG] Fase: Ejecución
[2026-05-18 18:20:54] [DEBUG] Ejecución completada
[2026-05-18 18:20:54] [DEBUG] Fase 4: Validación con iteracion=3
[2026-05-18 18:20:54] [DEBUG] Fase: Validación
[2026-05-18 18:20:54] [DEBUG] Validación completada: {"completada":false,"progreso":0,"fallo_critico":false,"mensaje":"```php\n<?php\n\/\/ C\u00f3digo de ejemplo generado\necho 'Funcionalidad implementada';\n?>\n```"}
[2026-05-18 18:20:54] [DEBUG] Determinando resultado: completada=false, fallo_critico=false
[2026-05-18 18:20:54] [INFO] Resultado de iteración 3: parcial (progreso: 0%)
[2026-05-18 18:20:54] [DEBUG] Resultado de ejecutarIteracion(): {"completada":false,"fallo_critico":false,"razon":"```php\n<?php\n\/\/ C\u00f3digo de ejemplo generado\necho 'Funcionalidad implementada';\n?>\n```","progreso":0,"iteracion_id":"231"}
[2026-05-18 18:20:54] [INFO] === Iteración 4 === | Contexto: {"mision_id":6}
[2026-05-18 18:20:54] [INFO] >>> Iniciando iteración 4
[2026-05-18 18:20:55] [DEBUG] Fase 1: Análisis
[2026-05-18 18:20:55] [DEBUG] Fase: Análisis
[2026-05-18 18:20:55] [DEBUG] Análisis completado
[2026-05-18 18:20:55] [DEBUG] Fase 2: Planificación
[2026-05-18 18:20:55] [DEBUG] Fase: Planificación
[2026-05-18 18:20:55] [DEBUG] Planificación completada
[2026-05-18 18:20:55] [DEBUG] Fase 3: Ejecución
[2026-05-18 18:20:55] [DEBUG] Fase: Ejecución
[2026-05-18 18:20:55] [DEBUG] Ejecución completada
[2026-05-18 18:20:55] [DEBUG] Fase 4: Validación con iteracion=4
[2026-05-18 18:20:55] [DEBUG] Fase: Validación
[2026-05-18 18:20:55] [DEBUG] Validación completada: {"completada":false,"progreso":0,"fallo_critico":false,"mensaje":"```php\n<?php\n\/\/ C\u00f3digo de ejemplo generado\necho 'Funcionalidad implementada';\n?>\n```"}
[2026-05-18 18:20:55] [DEBUG] Determinando resultado: completada=false, fallo_critico=false
[2026-05-18 18:20:55] [INFO] Resultado de iteración 4: parcial (progreso: 0%)
[2026-05-18 18:20:55] [DEBUG] Resultado de ejecutarIteracion(): {"completada":false,"fallo_critico":false,"razon":"```php\n<?php\n\/\/ C\u00f3digo de ejemplo generado\necho 'Funcionalidad implementada';\n?>\n```","progreso":0,"iteracion_id":"232"}
[2026-05-18 18:20:55] [INFO] === Iteración 5 === | Contexto: {"mision_id":6}
[2026-05-18 18:20:55] [INFO] >>> Iniciando iteración 5
[2026-05-18 18:20:55] [DEBUG] Fase 1: Análisis
[2026-05-18 18:20:55] [DEBUG] Fase: Análisis
[2026-05-18 18:20:56] [DEBUG] Análisis completado
[2026-05-18 18:20:56] [DEBUG] Fase 2: Planificación
[2026-05-18 18:20:56] [DEBUG] Fase: Planificación
[2026-05-18 18:20:56] [DEBUG] Planificación completada
[2026-05-18 18:20:56] [DEBUG] Fase 3: Ejecución
[2026-05-18 18:20:56] [DEBUG] Fase: Ejecución
[2026-05-18 18:20:56] [DEBUG] Ejecución completada
[2026-05-18 18:20:56] [DEBUG] Fase 4: Validación con iteracion=5
[2026-05-18 18:20:56] [DEBUG] Fase: Validación
[2026-05-18 18:20:56] [DEBUG] Validación completada: {"completada":false,"progreso":0,"fallo_critico":false,"mensaje":"```php\n<?php\n\/\/ C\u00f3digo de ejemplo generado\necho 'Funcionalidad implementada';\n?>\n```"}
[2026-05-18 18:20:56] [DEBUG] Determinando resultado: completada=false, fallo_critico=false
[2026-05-18 18:20:56] [INFO] Resultado de iteración 5: parcial (progreso: 0%)
[2026-05-18 18:20:56] [DEBUG] Resultado de ejecutarIteracion(): {"completada":false,"fallo_critico":false,"razon":"```php\n<?php\n\/\/ C\u00f3digo de ejemplo generado\necho 'Funcionalidad implementada';\n?>\n```","progreso":0,"iteracion_id":"233"}
[2026-05-18 18:20:56] [INFO] === Iteración 6 === | Contexto: {"mision_id":6}
[2026-05-18 18:20:56] [INFO] >>> Iniciando iteración 6
[2026-05-18 18:20:56] [DEBUG] Fase 1: Análisis
[2026-05-18 18:20:56] [DEBUG] Fase: Análisis
[2026-05-18 18:20:56] [DEBUG] Análisis completado
[2026-05-18 18:20:56] [DEBUG] Fase 2: Planificación
[2026-05-18 18:20:56] [DEBUG] Fase: Planificación
[2026-05-18 18:20:56] [DEBUG] Planificación completada
[2026-05-18 18:20:56] [DEBUG] Fase 3: Ejecución
[2026-05-18 18:20:56] [DEBUG] Fase: Ejecución
[2026-05-18 18:20:56] [DEBUG] Ejecución completada
[2026-05-18 18:20:57] [DEBUG] Fase 4: Validación con iteracion=6
[2026-05-18 18:20:57] [DEBUG] Fase: Validación
[2026-05-18 18:20:57] [DEBUG] Validación completada: {"completada":false,"progreso":0,"fallo_critico":false,"mensaje":"```php\n<?php\n\/\/ C\u00f3digo de ejemplo generado\necho 'Funcionalidad implementada';\n?>\n```"}
[2026-05-18 18:20:57] [DEBUG] Determinando resultado: completada=false, fallo_critico=false
[2026-05-18 18:20:57] [INFO] Resultado de iteración 6: parcial (progreso: 0%)
[2026-05-18 18:20:57] [DEBUG] Resultado de ejecutarIteracion(): {"completada":false,"fallo_critico":false,"razon":"```php\n<?php\n\/\/ C\u00f3digo de ejemplo generado\necho 'Funcionalidad implementada';\n?>\n```","progreso":0,"iteracion_id":"234"}
[2026-05-18 18:20:57] [INFO] === Iteración 7 === | Contexto: {"mision_id":6}
[2026-05-18 18:20:57] [INFO] >>> Iniciando iteración 7
[2026-05-18 18:20:57] [DEBUG] Fase 1: Análisis
[2026-05-18 18:20:57] [DEBUG] Fase: Análisis
[2026-05-18 18:20:57] [DEBUG] Análisis completado
[2026-05-18 18:20:57] [DEBUG] Fase 2: Planificación
[2026-05-18 18:20:57] [DEBUG] Fase: Planificación
[2026-05-18 18:20:57] [DEBUG] Planificación completada
[2026-05-18 18:20:57] [DEBUG] Fase 3: Ejecución
[2026-05-18 18:20:57] [DEBUG] Fase: Ejecución
[2026-05-18 18:20:57] [DEBUG] Ejecución completada
[2026-05-18 18:20:57] [DEBUG] Fase 4: Validación con iteracion=7
[2026-05-18 18:20:57] [DEBUG] Fase: Validación
[2026-05-18 18:20:57] [DEBUG] Validación completada: {"completada":false,"progreso":0,"fallo_critico":false,"mensaje":"```php\n<?php\n\/\/ C\u00f3digo de ejemplo generado\necho 'Funcionalidad implementada';\n?>\n```"}
[2026-05-18 18:20:57] [DEBUG] Determinando resultado: completada=false, fallo_critico=false
[2026-05-18 18:20:57] [INFO] Resultado de iteración 7: parcial (progreso: 0%)
[2026-05-18 18:20:57] [DEBUG] Resultado de ejecutarIteracion(): {"completada":false,"fallo_critico":false,"razon":"```php\n<?php\n\/\/ C\u00f3digo de ejemplo generado\necho 'Funcionalidad implementada';\n?>\n```","progreso":0,"iteracion_id":"235"}
[2026-05-18 18:20:58] [INFO] === Iteración 8 === | Contexto: {"mision_id":6}
[2026-05-18 18:20:58] [INFO] >>> Iniciando iteración 8
[2026-05-18 18:20:58] [DEBUG] Fase 1: Análisis
[2026-05-18 18:20:58] [DEBUG] Fase: Análisis
[2026-05-18 18:20:58] [DEBUG] Análisis completado
[2026-05-18 18:20:58] [DEBUG] Fase 2: Planificación
[2026-05-18 18:20:58] [DEBUG] Fase: Planificación
[2026-05-18 18:20:58] [DEBUG] Planificación completada
[2026-05-18 18:20:58] [DEBUG] Fase 3: Ejecución
[2026-05-18 18:20:58] [DEBUG] Fase: Ejecución
[2026-05-18 18:20:58] [DEBUG] Ejecución completada
[2026-05-18 18:20:58] [DEBUG] Fase 4: Validación con iteracion=8
[2026-05-18 18:20:58] [DEBUG] Fase: Validación
[2026-05-18 18:20:58] [DEBUG] Validación completada: {"completada":false,"progreso":0,"fallo_critico":false,"mensaje":"```php\n<?php\n\/\/ C\u00f3digo de ejemplo generado\necho 'Funcionalidad implementada';\n?>\n```"}
[2026-05-18 18:20:58] [DEBUG] Determinando resultado: completada=false, fallo_critico=false
[2026-05-18 18:20:58] [INFO] Resultado de iteración 8: parcial (progreso: 0%)
[2026-05-18 18:20:59] [DEBUG] Resultado de ejecutarIteracion(): {"completada":false,"fallo_critico":false,"razon":"```php\n<?php\n\/\/ C\u00f3digo de ejemplo generado\necho 'Funcionalidad implementada';\n?>\n```","progreso":0,"iteracion_id":"236"}
[2026-05-18 18:20:59] [INFO] === Iteración 9 === | Contexto: {"mision_id":6}
[2026-05-18 18:20:59] [INFO] >>> Iniciando iteración 9
[2026-05-18 18:20:59] [DEBUG] Fase 1: Análisis
[2026-05-18 18:20:59] [DEBUG] Fase: Análisis
[2026-05-18 18:20:59] [DEBUG] Análisis completado
[2026-05-18 18:20:59] [DEBUG] Fase 2: Planificación
[2026-05-18 18:20:59] [DEBUG] Fase: Planificación
[2026-05-18 18:20:59] [DEBUG] Planificación completada
[2026-05-18 18:20:59] [DEBUG] Fase 3: Ejecución
[2026-05-18 18:20:59] [DEBUG] Fase: Ejecución
[2026-05-18 18:20:59] [DEBUG] Ejecución completada
[2026-05-18 18:20:59] [DEBUG] Fase 4: Validación con iteracion=9
[2026-05-18 18:20:59] [DEBUG] Fase: Validación
[2026-05-18 18:20:59] [DEBUG] Validación completada: {"completada":false,"progreso":0,"fallo_critico":false,"mensaje":"```php\n<?php\n\/\/ C\u00f3digo de ejemplo generado\necho 'Funcionalidad implementada';\n?>\n```"}
[2026-05-18 18:20:59] [DEBUG] Determinando resultado: completada=false, fallo_critico=false
[2026-05-18 18:20:59] [INFO] Resultado de iteración 9: parcial (progreso: 0%)
[2026-05-18 18:20:59] [DEBUG] Resultado de ejecutarIteracion(): {"completada":false,"fallo_critico":false,"razon":"```php\n<?php\n\/\/ C\u00f3digo de ejemplo generado\necho 'Funcionalidad implementada';\n?>\n```","progreso":0,"iteracion_id":"237"}
[2026-05-18 18:20:59] [INFO] === Iteración 10 === | Contexto: {"mision_id":6}
[2026-05-18 18:20:59] [INFO] >>> Iniciando iteración 10
[2026-05-18 18:20:59] [DEBUG] Fase 1: Análisis
[2026-05-18 18:21:00] [DEBUG] Fase: Análisis
[2026-05-18 18:21:00] [DEBUG] Análisis completado
[2026-05-18 18:21:00] [DEBUG] Fase 2: Planificación
[2026-05-18 18:21:00] [DEBUG] Fase: Planificación
[2026-05-18 18:21:00] [DEBUG] Planificación completada
[2026-05-18 18:21:00] [DEBUG] Fase 3: Ejecución
[2026-05-18 18:21:00] [DEBUG] Fase: Ejecución
[2026-05-18 18:21:00] [DEBUG] Ejecución completada
[2026-05-18 18:21:00] [DEBUG] Fase 4: Validación con iteracion=10
[2026-05-18 18:21:00] [DEBUG] Fase: Validación
[2026-05-18 18:21:00] [DEBUG] Validación completada: {"completada":false,"progreso":0,"fallo_critico":false,"mensaje":"```php\n<?php\n\/\/ C\u00f3digo de ejemplo generado\necho 'Funcionalidad implementada';\n?>\n```"}
[2026-05-18 18:21:00] [DEBUG] Determinando resultado: completada=false, fallo_critico=false
[2026-05-18 18:21:00] [INFO] Resultado de iteración 10: parcial (progreso: 0%)
[2026-05-18 18:21:00] [DEBUG] Resultado de ejecutarIteracion(): {"completada":false,"fallo_critico":false,"razon":"```php\n<?php\n\/\/ C\u00f3digo de ejemplo generado\necho 'Funcionalidad implementada';\n?>\n```","progreso":0,"iteracion_id":"238"}
[2026-05-18 18:21:00] [INFO] === Iteración 11 === | Contexto: {"mision_id":6}
[2026-05-18 18:21:00] [INFO] >>> Iniciando iteración 11
[2026-05-18 18:21:00] [DEBUG] Fase 1: Análisis
[2026-05-18 18:21:00] [DEBUG] Fase: Análisis
[2026-05-18 18:21:00] [DEBUG] Análisis completado
[2026-05-18 18:21:00] [DEBUG] Fase 2: Planificación
[2026-05-18 18:21:00] [DEBUG] Fase: Planificación
[2026-05-18 18:21:00] [DEBUG] Planificación completada
[2026-05-18 18:21:00] [DEBUG] Fase 3: Ejecución
[2026-05-18 18:21:00] [DEBUG] Fase: Ejecución
[2026-05-18 18:21:00] [DEBUG] Ejecución completada
[2026-05-18 18:21:00] [DEBUG] Fase 4: Validación con iteracion=11
[2026-05-18 18:21:00] [DEBUG] Fase: Validación
[2026-05-18 18:21:00] [DEBUG] Validación completada: {"completada":false,"progreso":0,"fallo_critico":false,"mensaje":"```php\n<?php\n\/\/ C\u00f3digo de ejemplo generado\necho 'Funcionalidad implementada';\n?>\n```"}
[2026-05-18 18:21:00] [DEBUG] Determinando resultado: completada=false, fallo_critico=false
[2026-05-18 18:21:01] [INFO] Resultado de iteración 11: parcial (progreso: 0%)
[2026-05-18 18:21:01] [DEBUG] Resultado de ejecutarIteracion(): {"completada":false,"fallo_critico":false,"razon":"```php\n<?php\n\/\/ C\u00f3digo de ejemplo generado\necho 'Funcionalidad implementada';\n?>\n```","progreso":0,"iteracion_id":"239"}
[2026-05-18 18:21:01] [INFO] === Iteración 12 === | Contexto: {"mision_id":6}
[2026-05-18 18:21:01] [INFO] >>> Iniciando iteración 12
[2026-05-18 18:21:01] [DEBUG] Fase 1: Análisis
[2026-05-18 18:21:01] [DEBUG] Fase: Análisis
[2026-05-18 18:21:01] [DEBUG] Análisis completado
[2026-05-18 18:21:01] [DEBUG] Fase 2: Planificación
[2026-05-18 18:21:01] [DEBUG] Fase: Planificación
[2026-05-18 18:21:01] [DEBUG] Planificación completada
[2026-05-18 18:21:01] [DEBUG] Fase 3: Ejecución
[2026-05-18 18:21:01] [DEBUG] Fase: Ejecución
[2026-05-18 18:21:01] [DEBUG] Ejecución completada
[2026-05-18 18:21:01] [DEBUG] Fase 4: Validación con iteracion=12
[2026-05-18 18:21:01] [DEBUG] Fase: Validación
[2026-05-18 18:21:01] [DEBUG] Validación completada: {"completada":false,"progreso":0,"fallo_critico":false,"mensaje":"```php\n<?php\n\/\/ C\u00f3digo de ejemplo generado\necho 'Funcionalidad implementada';\n?>\n```"}
[2026-05-18 18:21:01] [DEBUG] Determinando resultado: completada=false, fallo_critico=false
[2026-05-18 18:21:01] [INFO] Resultado de iteración 12: parcial (progreso: 0%)
[2026-05-18 18:21:01] [DEBUG] Resultado de ejecutarIteracion(): {"completada":false,"fallo_critico":false,"razon":"```php\n<?php\n\/\/ C\u00f3digo de ejemplo generado\necho 'Funcionalidad implementada';\n?>\n```","progreso":0,"iteracion_id":"240"}
[2026-05-18 18:21:01] [INFO] === Iteración 13 === | Contexto: {"mision_id":6}
[2026-05-18 18:21:02] [INFO] >>> Iniciando iteración 13
[2026-05-18 18:21:02] [DEBUG] Fase 1: Análisis
[2026-05-18 18:21:02] [DEBUG] Fase: Análisis
[2026-05-18 18:21:02] [DEBUG] Análisis completado
[2026-05-18 18:21:02] [DEBUG] Fase 2: Planificación
[2026-05-18 18:21:02] [DEBUG] Fase: Planificación
[2026-05-18 18:21:02] [DEBUG] Planificación completada
[2026-05-18 18:21:02] [DEBUG] Fase 3: Ejecución
[2026-05-18 18:21:02] [DEBUG] Fase: Ejecución
[2026-05-18 18:21:02] [DEBUG] Ejecución completada
[2026-05-18 18:21:02] [DEBUG] Fase 4: Validación con iteracion=13
[2026-05-18 18:21:02] [DEBUG] Fase: Validación
[2026-05-18 18:21:02] [DEBUG] Validación completada: {"completada":false,"progreso":0,"fallo_critico":false,"mensaje":"```php\n<?php\n\/\/ C\u00f3digo de ejemplo generado\necho 'Funcionalidad implementada';\n?>\n```"}
[2026-05-18 18:21:02] [DEBUG] Determinando resultado: completada=false, fallo_critico=false
[2026-05-18 18:21:02] [INFO] Resultado de iteración 13: parcial (progreso: 0%)
[2026-05-18 18:21:02] [DEBUG] Resultado de ejecutarIteracion(): {"completada":false,"fallo_critico":false,"razon":"```php\n<?php\n\/\/ C\u00f3digo de ejemplo generado\necho 'Funcionalidad implementada';\n?>\n```","progreso":0,"iteracion_id":"241"}
[2026-05-18 18:21:02] [INFO] === Iteración 14 === | Contexto: {"mision_id":6}
[2026-05-18 18:21:02] [INFO] >>> Iniciando iteración 14
[2026-05-18 18:21:02] [DEBUG] Fase 1: Análisis
[2026-05-18 18:21:02] [DEBUG] Fase: Análisis
[2026-05-18 18:21:03] [DEBUG] Análisis completado
[2026-05-18 18:21:03] [DEBUG] Fase 2: Planificación
[2026-05-18 18:21:03] [DEBUG] Fase: Planificación
[2026-05-18 18:21:03] [DEBUG] Planificación completada
[2026-05-18 18:21:03] [DEBUG] Fase 3: Ejecución
[2026-05-18 18:21:03] [DEBUG] Fase: Ejecución
[2026-05-18 18:21:03] [DEBUG] Ejecución completada
[2026-05-18 18:21:03] [DEBUG] Fase 4: Validación con iteracion=14
[2026-05-18 18:21:03] [DEBUG] Fase: Validación
[2026-05-18 18:21:03] [DEBUG] Validación completada: {"completada":false,"progreso":0,"fallo_critico":false,"mensaje":"```php\n<?php\n\/\/ C\u00f3digo de ejemplo generado\necho 'Funcionalidad implementada';\n?>\n```"}
[2026-05-18 18:21:03] [DEBUG] Determinando resultado: completada=false, fallo_critico=false
[2026-05-18 18:21:03] [INFO] Resultado de iteración 14: parcial (progreso: 0%)
[2026-05-18 18:21:03] [DEBUG] Resultado de ejecutarIteracion(): {"completada":false,"fallo_critico":false,"razon":"```php\n<?php\n\/\/ C\u00f3digo de ejemplo generado\necho 'Funcionalidad implementada';\n?>\n```","progreso":0,"iteracion_id":"242"}
[2026-05-18 18:21:03] [INFO] === Iteración 15 === | Contexto: {"mision_id":6}
[2026-05-18 18:21:03] [INFO] >>> Iniciando iteración 15
[2026-05-18 18:21:03] [DEBUG] Fase 1: Análisis
[2026-05-18 18:21:03] [DEBUG] Fase: Análisis
[2026-05-18 18:21:03] [DEBUG] Análisis completado
[2026-05-18 18:21:03] [DEBUG] Fase 2: Planificación
[2026-05-18 18:21:03] [DEBUG] Fase: Planificación
[2026-05-18 18:21:03] [DEBUG] Planificación completada
[2026-05-18 18:21:03] [DEBUG] Fase 3: Ejecución
[2026-05-18 18:21:03] [DEBUG] Fase: Ejecución
[2026-05-18 18:21:03] [DEBUG] Ejecución completada
[2026-05-18 18:21:03] [DEBUG] Fase 4: Validación con iteracion=15
[2026-05-18 18:21:03] [DEBUG] Fase: Validación
[2026-05-18 18:21:03] [DEBUG] Validación completada: {"completada":false,"progreso":0,"fallo_critico":false,"mensaje":"```php\n<?php\n\/\/ C\u00f3digo de ejemplo generado\necho 'Funcionalidad implementada';\n?>\n```"}
[2026-05-18 18:21:04] [DEBUG] Determinando resultado: completada=false, fallo_critico=false
[2026-05-18 18:21:04] [INFO] Resultado de iteración 15: parcial (progreso: 0%)
[2026-05-18 18:21:04] [DEBUG] Resultado de ejecutarIteracion(): {"completada":false,"fallo_critico":false,"razon":"```php\n<?php\n\/\/ C\u00f3digo de ejemplo generado\necho 'Funcionalidad implementada';\n?>\n```","progreso":0,"iteracion_id":"243"}
[2026-05-18 18:21:04] [INFO] === Iteración 16 === | Contexto: {"mision_id":6}
[2026-05-18 18:21:04] [INFO] >>> Iniciando iteración 16
[2026-05-18 18:21:04] [DEBUG] Fase 1: Análisis
[2026-05-18 18:21:04] [DEBUG] Fase: Análisis
[2026-05-18 18:21:04] [DEBUG] Análisis completado
[2026-05-18 18:21:04] [DEBUG] Fase 2: Planificación
[2026-05-18 18:21:04] [DEBUG] Fase: Planificación
[2026-05-18 18:21:04] [DEBUG] Planificación completada
[2026-05-18 18:21:04] [DEBUG] Fase 3: Ejecución
[2026-05-18 18:21:04] [DEBUG] Fase: Ejecución
[2026-05-18 18:21:04] [DEBUG] Ejecución completada
[2026-05-18 18:21:04] [DEBUG] Fase 4: Validación con iteracion=16
[2026-05-18 18:21:04] [DEBUG] Fase: Validación
[2026-05-18 18:21:05] [DEBUG] Validación completada: {"completada":false,"progreso":0,"fallo_critico":false,"mensaje":"```php\n<?php\n\/\/ C\u00f3digo de ejemplo generado\necho 'Funcionalidad implementada';\n?>\n```"}
[2026-05-18 18:21:05] [DEBUG] Determinando resultado: completada=false, fallo_critico=false
[2026-05-18 18:21:05] [INFO] Resultado de iteración 16: parcial (progreso: 0%)
[2026-05-18 18:21:05] [DEBUG] Resultado de ejecutarIteracion(): {"completada":false,"fallo_critico":false,"razon":"```php\n<?php\n\/\/ C\u00f3digo de ejemplo generado\necho 'Funcionalidad implementada';\n?>\n```","progreso":0,"iteracion_id":"244"}
[2026-05-18 18:21:05] [INFO] === Iteración 17 === | Contexto: {"mision_id":6}
[2026-05-18 18:21:05] [INFO] >>> Iniciando iteración 17
[2026-05-18 18:21:05] [DEBUG] Fase 1: Análisis
[2026-05-18 18:21:05] [DEBUG] Fase: Análisis
[2026-05-18 18:21:05] [DEBUG] Análisis completado
[2026-05-18 18:21:05] [DEBUG] Fase 2: Planificación
[2026-05-18 18:21:05] [DEBUG] Fase: Planificación
[2026-05-18 18:21:05] [DEBUG] Planificación completada
[2026-05-18 18:21:05] [DEBUG] Fase 3: Ejecución
[2026-05-18 18:21:05] [DEBUG] Fase: Ejecución
[2026-05-18 18:21:05] [DEBUG] Ejecución completada
[2026-05-18 18:21:05] [DEBUG] Fase 4: Validación con iteracion=17
[2026-05-18 18:21:05] [DEBUG] Fase: Validación
[2026-05-18 18:21:05] [DEBUG] Validación completada: {"completada":false,"progreso":0,"fallo_critico":false,"mensaje":"```php\n<?php\n\/\/ C\u00f3digo de ejemplo generado\necho 'Funcionalidad implementada';\n?>\n```"}
[2026-05-18 18:21:05] [DEBUG] Determinando resultado: completada=false, fallo_critico=false
[2026-05-18 18:21:05] [INFO] Resultado de iteración 17: parcial (progreso: 0%)
[2026-05-18 18:21:05] [DEBUG] Resultado de ejecutarIteracion(): {"completada":false,"fallo_critico":false,"razon":"```php\n<?php\n\/\/ C\u00f3digo de ejemplo generado\necho 'Funcionalidad implementada';\n?>\n```","progreso":0,"iteracion_id":"245"}
[2026-05-18 18:21:06] [INFO] === Iteración 18 === | Contexto: {"mision_id":6}
[2026-05-18 18:21:06] [INFO] >>> Iniciando iteración 18
[2026-05-18 18:21:06] [DEBUG] Fase 1: Análisis
[2026-05-18 18:21:06] [DEBUG] Fase: Análisis
[2026-05-18 18:21:06] [DEBUG] Análisis completado
[2026-05-18 18:21:06] [DEBUG] Fase 2: Planificación
[2026-05-18 18:21:06] [DEBUG] Fase: Planificación
[2026-05-18 18:21:06] [DEBUG] Planificación completada
[2026-05-18 18:21:06] [DEBUG] Fase 3: Ejecución
[2026-05-18 18:21:06] [DEBUG] Fase: Ejecución
[2026-05-18 18:21:06] [DEBUG] Ejecución completada
[2026-05-18 18:21:06] [DEBUG] Fase 4: Validación con iteracion=18
[2026-05-18 18:21:06] [DEBUG] Fase: Validación
[2026-05-18 18:21:06] [DEBUG] Validación completada: {"completada":false,"progreso":0,"fallo_critico":false,"mensaje":"```php\n<?php\n\/\/ C\u00f3digo de ejemplo generado\necho 'Funcionalidad implementada';\n?>\n```"}
[2026-05-18 18:21:06] [DEBUG] Determinando resultado: completada=false, fallo_critico=false
[2026-05-18 18:21:06] [INFO] Resultado de iteración 18: parcial (progreso: 0%)
[2026-05-18 18:21:06] [DEBUG] Resultado de ejecutarIteracion(): {"completada":false,"fallo_critico":false,"razon":"```php\n<?php\n\/\/ C\u00f3digo de ejemplo generado\necho 'Funcionalidad implementada';\n?>\n```","progreso":0,"iteracion_id":"246"}
[2026-05-18 18:21:06] [INFO] === Iteración 19 === | Contexto: {"mision_id":6}
[2026-05-18 18:21:06] [INFO] >>> Iniciando iteración 19
[2026-05-18 18:21:06] [DEBUG] Fase 1: Análisis
[2026-05-18 18:21:06] [DEBUG] Fase: Análisis
[2026-05-18 18:21:06] [DEBUG] Análisis completado
[2026-05-18 18:21:06] [DEBUG] Fase 2: Planificación
[2026-05-18 18:21:07] [DEBUG] Fase: Planificación
[2026-05-18 18:21:07] [DEBUG] Planificación completada
[2026-05-18 18:21:07] [DEBUG] Fase 3: Ejecución
[2026-05-18 18:21:07] [DEBUG] Fase: Ejecución
[2026-05-18 18:21:07] [DEBUG] Ejecución completada
[2026-05-18 18:21:07] [DEBUG] Fase 4: Validación con iteracion=19
[2026-05-18 18:21:07] [DEBUG] Fase: Validación
[2026-05-18 18:21:07] [DEBUG] Validación completada: {"completada":false,"progreso":0,"fallo_critico":false,"mensaje":"```php\n<?php\n\/\/ C\u00f3digo de ejemplo generado\necho 'Funcionalidad implementada';\n?>\n```"}
[2026-05-18 18:21:07] [DEBUG] Determinando resultado: completada=false, fallo_critico=false
[2026-05-18 18:21:07] [INFO] Resultado de iteración 19: parcial (progreso: 0%)
[2026-05-18 18:21:07] [DEBUG] Resultado de ejecutarIteracion(): {"completada":false,"fallo_critico":false,"razon":"```php\n<?php\n\/\/ C\u00f3digo de ejemplo generado\necho 'Funcionalidad implementada';\n?>\n```","progreso":0,"iteracion_id":"247"}
[2026-05-18 18:21:07] [INFO] === Iteración 20 === | Contexto: {"mision_id":6}
[2026-05-18 18:21:07] [INFO] >>> Iniciando iteración 20
[2026-05-18 18:21:07] [DEBUG] Fase 1: Análisis
[2026-05-18 18:21:08] [DEBUG] Fase: Análisis
[2026-05-18 18:21:08] [DEBUG] Análisis completado
[2026-05-18 18:21:08] [DEBUG] Fase 2: Planificación
[2026-05-18 18:21:08] [DEBUG] Fase: Planificación
[2026-05-18 18:21:08] [DEBUG] Planificación completada
[2026-05-18 18:21:08] [DEBUG] Fase 3: Ejecución
[2026-05-18 18:21:08] [DEBUG] Fase: Ejecución
[2026-05-18 18:21:08] [DEBUG] Ejecución completada
[2026-05-18 18:21:08] [DEBUG] Fase 4: Validación con iteracion=20
[2026-05-18 18:21:08] [DEBUG] Fase: Validación
[2026-05-18 18:21:08] [DEBUG] Validación completada: {"completada":false,"progreso":0,"fallo_critico":false,"mensaje":"```php\n<?php\n\/\/ C\u00f3digo de ejemplo generado\necho 'Funcionalidad implementada';\n?>\n```"}
[2026-05-18 18:21:08] [DEBUG] Determinando resultado: completada=false, fallo_critico=false
[2026-05-18 18:21:08] [INFO] Resultado de iteración 20: parcial (progreso: 0%)
[2026-05-18 18:21:08] [DEBUG] Resultado de ejecutarIteracion(): {"completada":false,"fallo_critico":false,"razon":"```php\n<?php\n\/\/ C\u00f3digo de ejemplo generado\necho 'Funcionalidad implementada';\n?>\n```","progreso":0,"iteracion_id":"248"}
[2026-05-18 18:21:08] [INFO] === Iteración 21 === | Contexto: {"mision_id":6}
[2026-05-18 18:21:08] [INFO] >>> Iniciando iteración 21
[2026-05-18 18:21:08] [DEBUG] Fase 1: Análisis
[2026-05-18 18:21:08] [DEBUG] Fase: Análisis
[2026-05-18 18:21:08] [DEBUG] Análisis completado
[2026-05-18 18:21:09] [DEBUG] Fase 2: Planificación
[2026-05-18 18:21:09] [DEBUG] Fase: Planificación
[2026-05-18 18:21:09] [DEBUG] Planificación completada
[2026-05-18 18:21:09] [DEBUG] Fase 3: Ejecución
[2026-05-18 18:21:09] [DEBUG] Fase: Ejecución
[2026-05-18 18:21:09] [DEBUG] Ejecución completada
[2026-05-18 18:21:09] [DEBUG] Fase 4: Validación con iteracion=21
[2026-05-18 18:21:09] [DEBUG] Fase: Validación
[2026-05-18 18:21:09] [DEBUG] Validación completada: {"completada":false,"progreso":0,"fallo_critico":false,"mensaje":"```php\n<?php\n\/\/ C\u00f3digo de ejemplo generado\necho 'Funcionalidad implementada';\n?>\n```"}
[2026-05-18 18:21:09] [DEBUG] Determinando resultado: completada=false, fallo_critico=false
[2026-05-18 18:21:09] [INFO] Resultado de iteración 21: parcial (progreso: 0%)
[2026-05-18 18:21:09] [DEBUG] Resultado de ejecutarIteracion(): {"completada":false,"fallo_critico":false,"razon":"```php\n<?php\n\/\/ C\u00f3digo de ejemplo generado\necho 'Funcionalidad implementada';\n?>\n```","progreso":0,"iteracion_id":"249"}
[2026-05-18 18:21:09] [INFO] === Iteración 22 === | Contexto: {"mision_id":6}
[2026-05-18 18:21:09] [INFO] >>> Iniciando iteración 22
[2026-05-18 18:21:09] [DEBUG] Fase 1: Análisis
[2026-05-18 18:21:09] [DEBUG] Fase: Análisis
[2026-05-18 18:21:09] [DEBUG] Análisis completado
[2026-05-18 18:21:09] [DEBUG] Fase 2: Planificación
[2026-05-18 18:21:09] [DEBUG] Fase: Planificación
[2026-05-18 18:21:10] [DEBUG] Planificación completada
[2026-05-18 18:21:10] [DEBUG] Fase 3: Ejecución
[2026-05-18 18:21:10] [DEBUG] Fase: Ejecución
[2026-05-18 18:21:10] [DEBUG] Ejecución completada
[2026-05-18 18:21:10] [DEBUG] Fase 4: Validación con iteracion=22
[2026-05-18 18:21:10] [DEBUG] Fase: Validación
[2026-05-18 18:21:10] [DEBUG] Validación completada: {"completada":false,"progreso":0,"fallo_critico":false,"mensaje":"```php\n<?php\n\/\/ C\u00f3digo de ejemplo generado\necho 'Funcionalidad implementada';\n?>\n```"}
[2026-05-18 18:21:10] [DEBUG] Determinando resultado: completada=false, fallo_critico=false
[2026-05-18 18:21:10] [INFO] Resultado de iteración 22: parcial (progreso: 0%)
[2026-05-18 18:21:10] [DEBUG] Resultado de ejecutarIteracion(): {"completada":false,"fallo_critico":false,"razon":"```php\n<?php\n\/\/ C\u00f3digo de ejemplo generado\necho 'Funcionalidad implementada';\n?>\n```","progreso":0,"iteracion_id":"250"}
[2026-05-18 18:21:10] [INFO] === Iteración 23 === | Contexto: {"mision_id":6}
[2026-05-18 18:21:10] [INFO] >>> Iniciando iteración 23
[2026-05-18 18:21:10] [DEBUG] Fase 1: Análisis
[2026-05-18 18:21:10] [DEBUG] Fase: Análisis
[2026-05-18 18:21:10] [DEBUG] Análisis completado
[2026-05-18 18:21:10] [DEBUG] Fase 2: Planificación
[2026-05-18 18:21:10] [DEBUG] Fase: Planificación
[2026-05-18 18:21:10] [DEBUG] Planificación completada
[2026-05-18 18:21:10] [DEBUG] Fase 3: Ejecución
[2026-05-18 18:21:10] [DEBUG] Fase: Ejecución
[2026-05-18 18:21:10] [DEBUG] Ejecución completada
[2026-05-18 18:21:10] [DEBUG] Fase 4: Validación con iteracion=23
[2026-05-18 18:21:11] [DEBUG] Fase: Validación
[2026-05-18 18:21:11] [DEBUG] Validación completada: {"completada":false,"progreso":0,"fallo_critico":false,"mensaje":"```php\n<?php\n\/\/ C\u00f3digo de ejemplo generado\necho 'Funcionalidad implementada';\n?>\n```"}
[2026-05-18 18:21:11] [DEBUG] Determinando resultado: completada=false, fallo_critico=false
[2026-05-18 18:21:11] [INFO] Resultado de iteración 23: parcial (progreso: 0%)
[2026-05-18 18:21:11] [DEBUG] Resultado de ejecutarIteracion(): {"completada":false,"fallo_critico":false,"razon":"```php\n<?php\n\/\/ C\u00f3digo de ejemplo generado\necho 'Funcionalidad implementada';\n?>\n```","progreso":0,"iteracion_id":"251"}
[2026-05-18 18:21:11] [INFO] === Iteración 24 === | Contexto: {"mision_id":6}
[2026-05-18 18:21:11] [INFO] >>> Iniciando iteración 24
[2026-05-18 18:21:11] [DEBUG] Fase 1: Análisis
[2026-05-18 18:21:11] [DEBUG] Fase: Análisis
[2026-05-18 18:21:11] [DEBUG] Análisis completado
[2026-05-18 18:21:11] [DEBUG] Fase 2: Planificación
[2026-05-18 18:21:11] [DEBUG] Fase: Planificación
[2026-05-18 18:21:11] [DEBUG] Planificación completada
[2026-05-18 18:21:11] [DEBUG] Fase 3: Ejecución
[2026-05-18 18:21:11] [DEBUG] Fase: Ejecución
[2026-05-18 18:21:11] [DEBUG] Ejecución completada
[2026-05-18 18:21:11] [DEBUG] Fase 4: Validación con iteracion=24
[2026-05-18 18:21:11] [DEBUG] Fase: Validación
[2026-05-18 18:21:11] [DEBUG] Validación completada: {"completada":false,"progreso":0,"fallo_critico":false,"mensaje":"```php\n<?php\n\/\/ C\u00f3digo de ejemplo generado\necho 'Funcionalidad implementada';\n?>\n```"}
[2026-05-18 18:21:11] [DEBUG] Determinando resultado: completada=false, fallo_critico=false
[2026-05-18 18:21:11] [INFO] Resultado de iteración 24: parcial (progreso: 0%)
[2026-05-18 18:21:12] [DEBUG] Resultado de ejecutarIteracion(): {"completada":false,"fallo_critico":false,"razon":"```php\n<?php\n\/\/ C\u00f3digo de ejemplo generado\necho 'Funcionalidad implementada';\n?>\n```","progreso":0,"iteracion_id":"252"}
[2026-05-18 18:21:12] [INFO] === Iteración 25 === | Contexto: {"mision_id":6}
[2026-05-18 18:21:12] [INFO] >>> Iniciando iteración 25
[2026-05-18 18:21:12] [DEBUG] Fase 1: Análisis
[2026-05-18 18:21:12] [DEBUG] Fase: Análisis
[2026-05-18 18:21:12] [DEBUG] Análisis completado
[2026-05-18 18:21:12] [DEBUG] Fase 2: Planificación
[2026-05-18 18:21:12] [DEBUG] Fase: Planificación
[2026-05-18 18:21:12] [DEBUG] Planificación completada
[2026-05-18 18:21:12] [DEBUG] Fase 3: Ejecución
[2026-05-18 18:21:12] [DEBUG] Fase: Ejecución
[2026-05-18 18:21:12] [DEBUG] Ejecución completada
[2026-05-18 18:21:12] [DEBUG] Fase 4: Validación con iteracion=25
[2026-05-18 18:21:12] [DEBUG] Fase: Validación
[2026-05-18 18:21:12] [DEBUG] Validación completada: {"completada":false,"progreso":0,"fallo_critico":false,"mensaje":"```php\n<?php\n\/\/ C\u00f3digo de ejemplo generado\necho 'Funcionalidad implementada';\n?>\n```"}
[2026-05-18 18:21:12] [DEBUG] Determinando resultado: completada=false, fallo_critico=false
[2026-05-18 18:21:12] [INFO] Resultado de iteración 25: parcial (progreso: 0%)
[2026-05-18 18:21:12] [DEBUG] Resultado de ejecutarIteracion(): {"completada":false,"fallo_critico":false,"razon":"```php\n<?php\n\/\/ C\u00f3digo de ejemplo generado\necho 'Funcionalidad implementada';\n?>\n```","progreso":0,"iteracion_id":"253"}
[2026-05-18 18:21:13] [INFO] === Iteración 26 === | Contexto: {"mision_id":6}
[2026-05-18 18:21:13] [INFO] >>> Iniciando iteración 26
[2026-05-18 18:21:13] [DEBUG] Fase 1: Análisis
[2026-05-18 18:21:13] [DEBUG] Fase: Análisis
[2026-05-18 18:21:13] [DEBUG] Análisis completado
[2026-05-18 18:21:13] [DEBUG] Fase 2: Planificación
[2026-05-18 18:21:13] [DEBUG] Fase: Planificación
[2026-05-18 18:21:13] [DEBUG] Planificación completada
[2026-05-18 18:21:13] [DEBUG] Fase 3: Ejecución
[2026-05-18 18:21:13] [DEBUG] Fase: Ejecución
[2026-05-18 18:21:13] [DEBUG] Ejecución completada
[2026-05-18 18:21:13] [DEBUG] Fase 4: Validación con iteracion=26
[2026-05-18 18:21:13] [DEBUG] Fase: Validación
[2026-05-18 18:21:13] [DEBUG] Validación completada: {"completada":false,"progreso":0,"fallo_critico":false,"mensaje":"```php\n<?php\n\/\/ C\u00f3digo de ejemplo generado\necho 'Funcionalidad implementada';\n?>\n```"}
[2026-05-18 18:21:13] [DEBUG] Determinando resultado: completada=false, fallo_critico=false
[2026-05-18 18:21:13] [INFO] Resultado de iteración 26: parcial (progreso: 0%)
[2026-05-18 18:21:13] [DEBUG] Resultado de ejecutarIteracion(): {"completada":false,"fallo_critico":false,"razon":"```php\n<?php\n\/\/ C\u00f3digo de ejemplo generado\necho 'Funcionalidad implementada';\n?>\n```","progreso":0,"iteracion_id":"254"}
[2026-05-18 18:21:13] [INFO] === Iteración 27 === | Contexto: {"mision_id":6}
[2026-05-18 18:21:14] [INFO] >>> Iniciando iteración 27
[2026-05-18 18:21:14] [DEBUG] Fase 1: Análisis
[2026-05-18 18:21:14] [DEBUG] Fase: Análisis
[2026-05-18 18:21:14] [DEBUG] Análisis completado
[2026-05-18 18:21:14] [DEBUG] Fase 2: Planificación
[2026-05-18 18:21:14] [DEBUG] Fase: Planificación
[2026-05-18 18:21:14] [DEBUG] Planificación completada
[2026-05-18 18:21:14] [DEBUG] Fase 3: Ejecución
[2026-05-18 18:21:14] [DEBUG] Fase: Ejecución
[2026-05-18 18:21:14] [DEBUG] Ejecución completada
[2026-05-18 18:21:14] [DEBUG] Fase 4: Validación con iteracion=27
[2026-05-18 18:21:14] [DEBUG] Fase: Validación
[2026-05-18 18:21:14] [DEBUG] Validación completada: {"completada":false,"progreso":0,"fallo_critico":false,"mensaje":"```php\n<?php\n\/\/ C\u00f3digo de ejemplo generado\necho 'Funcionalidad implementada';\n?>\n```"}
[2026-05-18 18:21:14] [DEBUG] Determinando resultado: completada=false, fallo_critico=false
[2026-05-18 18:21:14] [INFO] Resultado de iteración 27: parcial (progreso: 0%)
[2026-05-18 18:21:14] [DEBUG] Resultado de ejecutarIteracion(): {"completada":false,"fallo_critico":false,"razon":"```php\n<?php\n\/\/ C\u00f3digo de ejemplo generado\necho 'Funcionalidad implementada';\n?>\n```","progreso":0,"iteracion_id":"255"}
[2026-05-18 18:21:14] [INFO] === Iteración 28 === | Contexto: {"mision_id":6}
[2026-05-18 18:21:14] [INFO] >>> Iniciando iteración 28
[2026-05-18 18:21:14] [DEBUG] Fase 1: Análisis
[2026-05-18 18:21:14] [DEBUG] Fase: Análisis
[2026-05-18 18:21:14] [DEBUG] Análisis completado
[2026-05-18 18:21:14] [DEBUG] Fase 2: Planificación
[2026-05-18 18:21:15] [DEBUG] Fase: Planificación
[2026-05-18 18:21:15] [DEBUG] Planificación completada
[2026-05-18 18:21:15] [DEBUG] Fase 3: Ejecución
[2026-05-18 18:21:15] [DEBUG] Fase: Ejecución
[2026-05-18 18:21:15] [DEBUG] Ejecución completada
[2026-05-18 18:21:15] [DEBUG] Fase 4: Validación con iteracion=28
[2026-05-18 18:21:15] [DEBUG] Fase: Validación
[2026-05-18 18:21:15] [DEBUG] Validación completada: {"completada":false,"progreso":0,"fallo_critico":false,"mensaje":"```php\n<?php\n\/\/ C\u00f3digo de ejemplo generado\necho 'Funcionalidad implementada';\n?>\n```"}
[2026-05-18 18:21:15] [DEBUG] Determinando resultado: completada=false, fallo_critico=false
[2026-05-18 18:21:15] [INFO] Resultado de iteración 28: parcial (progreso: 0%)
[2026-05-18 18:21:15] [DEBUG] Resultado de ejecutarIteracion(): {"completada":false,"fallo_critico":false,"razon":"```php\n<?php\n\/\/ C\u00f3digo de ejemplo generado\necho 'Funcionalidad implementada';\n?>\n```","progreso":0,"iteracion_id":"256"}
[2026-05-18 18:21:15] [INFO] === Iteración 29 === | Contexto: {"mision_id":6}
[2026-05-18 18:21:15] [INFO] >>> Iniciando iteración 29
[2026-05-18 18:21:15] [DEBUG] Fase 1: Análisis
[2026-05-18 18:21:15] [DEBUG] Fase: Análisis
[2026-05-18 18:21:15] [DEBUG] Análisis completado
[2026-05-18 18:21:15] [DEBUG] Fase 2: Planificación
[2026-05-18 18:21:15] [DEBUG] Fase: Planificación
[2026-05-18 18:21:15] [DEBUG] Planificación completada
[2026-05-18 18:21:15] [DEBUG] Fase 3: Ejecución
[2026-05-18 18:21:15] [DEBUG] Fase: Ejecución
[2026-05-18 18:21:16] [DEBUG] Ejecución completada
[2026-05-18 18:21:16] [DEBUG] Fase 4: Validación con iteracion=29
[2026-05-18 18:21:16] [DEBUG] Fase: Validación
[2026-05-18 18:21:16] [DEBUG] Validación completada: {"completada":false,"progreso":0,"fallo_critico":false,"mensaje":"```php\n<?php\n\/\/ C\u00f3digo de ejemplo generado\necho 'Funcionalidad implementada';\n?>\n```"}
[2026-05-18 18:21:16] [DEBUG] Determinando resultado: completada=false, fallo_critico=false
[2026-05-18 18:21:16] [INFO] Resultado de iteración 29: parcial (progreso: 0%)
[2026-05-18 18:21:16] [DEBUG] Resultado de ejecutarIteracion(): {"completada":false,"fallo_critico":false,"razon":"```php\n<?php\n\/\/ C\u00f3digo de ejemplo generado\necho 'Funcionalidad implementada';\n?>\n```","progreso":0,"iteracion_id":"257"}
[2026-05-18 18:21:16] [INFO] === Iteración 30 === | Contexto: {"mision_id":6}
[2026-05-18 18:21:16] [INFO] >>> Iniciando iteración 30
[2026-05-18 18:21:16] [DEBUG] Fase 1: Análisis
[2026-05-18 18:21:16] [DEBUG] Fase: Análisis
[2026-05-18 18:21:16] [DEBUG] Análisis completado
[2026-05-18 18:21:16] [DEBUG] Fase 2: Planificación
[2026-05-18 18:21:16] [DEBUG] Fase: Planificación
[2026-05-18 18:21:16] [DEBUG] Planificación completada
[2026-05-18 18:21:16] [DEBUG] Fase 3: Ejecución
[2026-05-18 18:21:16] [DEBUG] Fase: Ejecución
[2026-05-18 18:21:16] [DEBUG] Ejecución completada
[2026-05-18 18:21:17] [DEBUG] Fase 4: Validación con iteracion=30
[2026-05-18 18:21:17] [DEBUG] Fase: Validación
[2026-05-18 18:21:17] [DEBUG] Validación completada: {"completada":false,"progreso":0,"fallo_critico":false,"mensaje":"```php\n<?php\n\/\/ C\u00f3digo de ejemplo generado\necho 'Funcionalidad implementada';\n?>\n```"}
[2026-05-18 18:21:17] [DEBUG] Determinando resultado: completada=false, fallo_critico=false
[2026-05-18 18:21:17] [INFO] Resultado de iteración 30: parcial (progreso: 0%)
[2026-05-18 18:21:17] [DEBUG] Resultado de ejecutarIteracion(): {"completada":false,"fallo_critico":false,"razon":"```php\n<?php\n\/\/ C\u00f3digo de ejemplo generado\necho 'Funcionalidad implementada';\n?>\n```","progreso":0,"iteracion_id":"258"}
[2026-05-18 18:21:17] [INFO] === Iteración 31 === | Contexto: {"mision_id":6}
[2026-05-18 18:21:17] [INFO] >>> Iniciando iteración 31
[2026-05-18 18:21:17] [DEBUG] Fase 1: Análisis
[2026-05-18 18:21:17] [DEBUG] Fase: Análisis
[2026-05-18 18:21:17] [DEBUG] Análisis completado
[2026-05-18 18:21:17] [DEBUG] Fase 2: Planificación
[2026-05-18 18:21:17] [DEBUG] Fase: Planificación
[2026-05-18 18:21:17] [DEBUG] Planificación completada
[2026-05-18 18:21:17] [DEBUG] Fase 3: Ejecución
[2026-05-18 18:21:17] [DEBUG] Fase: Ejecución
[2026-05-18 18:21:17] [DEBUG] Ejecución completada
[2026-05-18 18:21:17] [DEBUG] Fase 4: Validación con iteracion=31
[2026-05-18 18:21:17] [DEBUG] Fase: Validación
[2026-05-18 18:21:17] [DEBUG] Validación completada: {"completada":false,"progreso":0,"fallo_critico":false,"mensaje":"```php\n<?php\n\/\/ C\u00f3digo de ejemplo generado\necho 'Funcionalidad implementada';\n?>\n```"}
[2026-05-18 18:21:17] [DEBUG] Determinando resultado: completada=false, fallo_critico=false
[2026-05-18 18:21:18] [INFO] Resultado de iteración 31: parcial (progreso: 0%)
[2026-05-18 18:21:18] [DEBUG] Resultado de ejecutarIteracion(): {"completada":false,"fallo_critico":false,"razon":"```php\n<?php\n\/\/ C\u00f3digo de ejemplo generado\necho 'Funcionalidad implementada';\n?>\n```","progreso":0,"iteracion_id":"259"}
[2026-05-18 18:21:18] [INFO] === Iteración 32 === | Contexto: {"mision_id":6}
[2026-05-18 18:21:18] [INFO] >>> Iniciando iteración 32
[2026-05-18 18:21:18] [DEBUG] Fase 1: Análisis
[2026-05-18 18:21:18] [DEBUG] Fase: Análisis
[2026-05-18 18:21:18] [DEBUG] Análisis completado
[2026-05-18 18:21:18] [DEBUG] Fase 2: Planificación
[2026-05-18 18:21:18] [DEBUG] Fase: Planificación
[2026-05-18 18:21:18] [DEBUG] Planificación completada
[2026-05-18 18:21:18] [DEBUG] Fase 3: Ejecución
[2026-05-18 18:21:18] [DEBUG] Fase: Ejecución
[2026-05-18 18:21:18] [DEBUG] Ejecución completada
[2026-05-18 18:21:18] [DEBUG] Fase 4: Validación con iteracion=32
[2026-05-18 18:21:18] [DEBUG] Fase: Validación
[2026-05-18 18:21:18] [DEBUG] Validación completada: {"completada":false,"progreso":0,"fallo_critico":false,"mensaje":"```php\n<?php\n\/\/ C\u00f3digo de ejemplo generado\necho 'Funcionalidad implementada';\n?>\n```"}
[2026-05-18 18:21:18] [DEBUG] Determinando resultado: completada=false, fallo_critico=false
[2026-05-18 18:21:18] [INFO] Resultado de iteración 32: parcial (progreso: 0%)
[2026-05-18 18:21:18] [DEBUG] Resultado de ejecutarIteracion(): {"completada":false,"fallo_critico":false,"razon":"```php\n<?php\n\/\/ C\u00f3digo de ejemplo generado\necho 'Funcionalidad implementada';\n?>\n```","progreso":0,"iteracion_id":"260"}
[2026-05-18 18:21:19] [INFO] === Iteración 33 === | Contexto: {"mision_id":6}
[2026-05-18 18:21:19] [INFO] >>> Iniciando iteración 33
[2026-05-18 18:21:19] [DEBUG] Fase 1: Análisis
[2026-05-18 18:21:19] [DEBUG] Fase: Análisis
[2026-05-18 18:21:19] [DEBUG] Análisis completado
[2026-05-18 18:21:19] [DEBUG] Fase 2: Planificación
[2026-05-18 18:21:19] [DEBUG] Fase: Planificación
[2026-05-18 18:21:19] [DEBUG] Planificación completada
[2026-05-18 18:21:19] [DEBUG] Fase 3: Ejecución
[2026-05-18 18:21:19] [DEBUG] Fase: Ejecución
[2026-05-18 18:21:19] [DEBUG] Ejecución completada
[2026-05-18 18:21:19] [DEBUG] Fase 4: Validación con iteracion=33
[2026-05-18 18:21:19] [DEBUG] Fase: Validación
[2026-05-18 18:21:19] [DEBUG] Validación completada: {"completada":false,"progreso":0,"fallo_critico":false,"mensaje":"```php\n<?php\n\/\/ C\u00f3digo de ejemplo generado\necho 'Funcionalidad implementada';\n?>\n```"}
[2026-05-18 18:21:19] [DEBUG] Determinando resultado: completada=false, fallo_critico=false
[2026-05-18 18:21:19] [INFO] Resultado de iteración 33: parcial (progreso: 0%)
[2026-05-18 18:21:19] [DEBUG] Resultado de ejecutarIteracion(): {"completada":false,"fallo_critico":false,"razon":"```php\n<?php\n\/\/ C\u00f3digo de ejemplo generado\necho 'Funcionalidad implementada';\n?>\n```","progreso":0,"iteracion_id":"261"}
[2026-05-18 18:21:19] [INFO] === Iteración 34 === | Contexto: {"mision_id":6}
[2026-05-18 18:21:19] [INFO] >>> Iniciando iteración 34
[2026-05-18 18:21:20] [DEBUG] Fase 1: Análisis
[2026-05-18 18:21:20] [DEBUG] Fase: Análisis
[2026-05-18 18:21:20] [DEBUG] Análisis completado
[2026-05-18 18:21:20] [DEBUG] Fase 2: Planificación
[2026-05-18 18:21:20] [DEBUG] Fase: Planificación
[2026-05-18 18:21:20] [DEBUG] Planificación completada
[2026-05-18 18:21:20] [DEBUG] Fase 3: Ejecución
[2026-05-18 18:21:20] [DEBUG] Fase: Ejecución
[2026-05-18 18:21:20] [DEBUG] Ejecución completada
[2026-05-18 18:21:20] [DEBUG] Fase 4: Validación con iteracion=34
[2026-05-18 18:21:20] [DEBUG] Fase: Validación
[2026-05-18 18:21:20] [DEBUG] Validación completada: {"completada":false,"progreso":0,"fallo_critico":false,"mensaje":"```php\n<?php\n\/\/ C\u00f3digo de ejemplo generado\necho 'Funcionalidad implementada';\n?>\n```"}
[2026-05-18 18:21:20] [DEBUG] Determinando resultado: completada=false, fallo_critico=false
[2026-05-18 18:21:20] [INFO] Resultado de iteración 34: parcial (progreso: 0%)
[2026-05-18 18:21:20] [DEBUG] Resultado de ejecutarIteracion(): {"completada":false,"fallo_critico":false,"razon":"```php\n<?php\n\/\/ C\u00f3digo de ejemplo generado\necho 'Funcionalidad implementada';\n?>\n```","progreso":0,"iteracion_id":"262"}
[2026-05-18 18:21:21] [INFO] === Iteración 35 === | Contexto: {"mision_id":6}
[2026-05-18 18:21:21] [INFO] >>> Iniciando iteración 35
[2026-05-18 18:21:21] [DEBUG] Fase 1: Análisis
[2026-05-18 18:21:21] [DEBUG] Fase: Análisis
[2026-05-18 18:21:21] [DEBUG] Análisis completado
[2026-05-18 18:21:21] [DEBUG] Fase 2: Planificación
[2026-05-18 18:21:21] [DEBUG] Fase: Planificación
[2026-05-18 18:21:21] [DEBUG] Planificación completada
[2026-05-18 18:21:21] [DEBUG] Fase 3: Ejecución
[2026-05-18 18:21:21] [DEBUG] Fase: Ejecución
[2026-05-18 18:21:21] [DEBUG] Ejecución completada
[2026-05-18 18:21:21] [DEBUG] Fase 4: Validación con iteracion=35
[2026-05-18 18:21:21] [DEBUG] Fase: Validación
[2026-05-18 18:21:21] [DEBUG] Validación completada: {"completada":false,"progreso":0,"fallo_critico":false,"mensaje":"```php\n<?php\n\/\/ C\u00f3digo de ejemplo generado\necho 'Funcionalidad implementada';\n?>\n```"}
[2026-05-18 18:21:21] [DEBUG] Determinando resultado: completada=false, fallo_critico=false
[2026-05-18 18:21:21] [INFO] Resultado de iteración 35: parcial (progreso: 0%)
[2026-05-18 18:21:21] [DEBUG] Resultado de ejecutarIteracion(): {"completada":false,"fallo_critico":false,"razon":"```php\n<?php\n\/\/ C\u00f3digo de ejemplo generado\necho 'Funcionalidad implementada';\n?>\n```","progreso":0,"iteracion_id":"263"}
[2026-05-18 18:21:22] [INFO] === Iteración 36 === | Contexto: {"mision_id":6}
[2026-05-18 18:21:22] [INFO] >>> Iniciando iteración 36
[2026-05-18 18:21:22] [DEBUG] Fase 1: Análisis
[2026-05-18 18:21:22] [DEBUG] Fase: Análisis
[2026-05-18 18:21:22] [DEBUG] Análisis completado
[2026-05-18 18:21:22] [DEBUG] Fase 2: Planificación
[2026-05-18 18:21:22] [DEBUG] Fase: Planificación
[2026-05-18 18:21:22] [DEBUG] Planificación completada
[2026-05-18 18:21:22] [DEBUG] Fase 3: Ejecución
[2026-05-18 18:21:22] [DEBUG] Fase: Ejecución
[2026-05-18 18:21:22] [DEBUG] Ejecución completada
[2026-05-18 18:21:22] [DEBUG] Fase 4: Validación con iteracion=36
[2026-05-18 18:21:22] [DEBUG] Fase: Validación
[2026-05-18 18:21:22] [DEBUG] Validación completada: {"completada":false,"progreso":0,"fallo_critico":false,"mensaje":"```php\n<?php\n\/\/ C\u00f3digo de ejemplo generado\necho 'Funcionalidad implementada';\n?>\n```"}
[2026-05-18 18:21:22] [DEBUG] Determinando resultado: completada=false, fallo_critico=false
[2026-05-18 18:21:22] [INFO] Resultado de iteración 36: parcial (progreso: 0%)
[2026-05-18 18:21:22] [DEBUG] Resultado de ejecutarIteracion(): {"completada":false,"fallo_critico":false,"razon":"```php\n<?php\n\/\/ C\u00f3digo de ejemplo generado\necho 'Funcionalidad implementada';\n?>\n```","progreso":0,"iteracion_id":"264"}
[2026-05-18 18:21:22] [INFO] === Iteración 37 === | Contexto: {"mision_id":6}
[2026-05-18 18:21:22] [INFO] >>> Iniciando iteración 37
[2026-05-18 18:21:22] [DEBUG] Fase 1: Análisis
[2026-05-18 18:21:22] [DEBUG] Fase: Análisis
[2026-05-18 18:21:22] [DEBUG] Análisis completado
[2026-05-18 18:21:22] [DEBUG] Fase 2: Planificación
[2026-05-18 18:21:22] [DEBUG] Fase: Planificación
[2026-05-18 18:21:22] [DEBUG] Planificación completada
[2026-05-18 18:21:22] [DEBUG] Fase 3: Ejecución
[2026-05-18 18:21:23] [DEBUG] Fase: Ejecución
[2026-05-18 18:21:23] [DEBUG] Ejecución completada
[2026-05-18 18:21:23] [DEBUG] Fase 4: Validación con iteracion=37
[2026-05-18 18:21:23] [DEBUG] Fase: Validación
[2026-05-18 18:21:23] [DEBUG] Validación completada: {"completada":false,"progreso":0,"fallo_critico":false,"mensaje":"```php\n<?php\n\/\/ C\u00f3digo de ejemplo generado\necho 'Funcionalidad implementada';\n?>\n```"}
[2026-05-18 18:21:23] [DEBUG] Determinando resultado: completada=false, fallo_critico=false
[2026-05-18 18:21:23] [INFO] Resultado de iteración 37: parcial (progreso: 0%)
[2026-05-18 18:21:23] [DEBUG] Resultado de ejecutarIteracion(): {"completada":false,"fallo_critico":false,"razon":"```php\n<?php\n\/\/ C\u00f3digo de ejemplo generado\necho 'Funcionalidad implementada';\n?>\n```","progreso":0,"iteracion_id":"265"}
[2026-05-18 18:21:23] [INFO] === Iteración 38 === | Contexto: {"mision_id":6}
[2026-05-18 18:21:23] [INFO] >>> Iniciando iteración 38
[2026-05-18 18:21:23] [DEBUG] Fase 1: Análisis
[2026-05-18 18:21:23] [DEBUG] Fase: Análisis
[2026-05-18 18:21:23] [DEBUG] Análisis completado
[2026-05-18 18:21:23] [DEBUG] Fase 2: Planificación
[2026-05-18 18:21:23] [DEBUG] Fase: Planificación
[2026-05-18 18:21:23] [DEBUG] Planificación completada
[2026-05-18 18:21:23] [DEBUG] Fase 3: Ejecución
[2026-05-18 18:21:23] [DEBUG] Fase: Ejecución
[2026-05-18 18:21:23] [DEBUG] Ejecución completada
[2026-05-18 18:21:23] [DEBUG] Fase 4: Validación con iteracion=38
[2026-05-18 18:21:23] [DEBUG] Fase: Validación
[2026-05-18 18:21:23] [DEBUG] Validación completada: {"completada":false,"progreso":0,"fallo_critico":false,"mensaje":"```php\n<?php\n\/\/ C\u00f3digo de ejemplo generado\necho 'Funcionalidad implementada';\n?>\n```"}
[2026-05-18 18:21:24] [DEBUG] Determinando resultado: completada=false, fallo_critico=false
[2026-05-18 18:21:24] [INFO] Resultado de iteración 38: parcial (progreso: 0%)
[2026-05-18 18:21:24] [DEBUG] Resultado de ejecutarIteracion(): {"completada":false,"fallo_critico":false,"razon":"```php\n<?php\n\/\/ C\u00f3digo de ejemplo generado\necho 'Funcionalidad implementada';\n?>\n```","progreso":0,"iteracion_id":"266"}
[2026-05-18 18:21:24] [INFO] === Iteración 39 === | Contexto: {"mision_id":6}
[2026-05-18 18:21:24] [INFO] >>> Iniciando iteración 39
[2026-05-18 18:21:24] [DEBUG] Fase 1: Análisis
[2026-05-18 18:21:24] [DEBUG] Fase: Análisis
[2026-05-18 18:21:24] [DEBUG] Análisis completado
[2026-05-18 18:21:24] [DEBUG] Fase 2: Planificación
[2026-05-18 18:21:24] [DEBUG] Fase: Planificación
[2026-05-18 18:21:24] [DEBUG] Planificación completada
[2026-05-18 18:21:24] [DEBUG] Fase 3: Ejecución
[2026-05-18 18:21:24] [DEBUG] Fase: Ejecución
[2026-05-18 18:21:24] [DEBUG] Ejecución completada
[2026-05-18 18:21:24] [DEBUG] Fase 4: Validación con iteracion=39
[2026-05-18 18:21:24] [DEBUG] Fase: Validación
[2026-05-18 18:21:24] [DEBUG] Validación completada: {"completada":false,"progreso":0,"fallo_critico":false,"mensaje":"```php\n<?php\n\/\/ C\u00f3digo de ejemplo generado\necho 'Funcionalidad implementada';\n?>\n```"}
[2026-05-18 18:21:24] [DEBUG] Determinando resultado: completada=false, fallo_critico=false
[2026-05-18 18:21:24] [INFO] Resultado de iteración 39: parcial (progreso: 0%)
[2026-05-18 18:21:24] [DEBUG] Resultado de ejecutarIteracion(): {"completada":false,"fallo_critico":false,"razon":"```php\n<?php\n\/\/ C\u00f3digo de ejemplo generado\necho 'Funcionalidad implementada';\n?>\n```","progreso":0,"iteracion_id":"267"}
[2026-05-18 18:21:25] [INFO] === Iteración 40 === | Contexto: {"mision_id":6}
[2026-05-18 18:21:25] [INFO] >>> Iniciando iteración 40
[2026-05-18 18:21:25] [DEBUG] Fase 1: Análisis
[2026-05-18 18:21:25] [DEBUG] Fase: Análisis
[2026-05-18 18:21:25] [DEBUG] Análisis completado
[2026-05-18 18:21:25] [DEBUG] Fase 2: Planificación
[2026-05-18 18:21:25] [DEBUG] Fase: Planificación
[2026-05-18 18:21:25] [DEBUG] Planificación completada
[2026-05-18 18:21:25] [DEBUG] Fase 3: Ejecución
[2026-05-18 18:21:25] [DEBUG] Fase: Ejecución
[2026-05-18 18:21:25] [DEBUG] Ejecución completada
[2026-05-18 18:21:25] [DEBUG] Fase 4: Validación con iteracion=40
[2026-05-18 18:21:25] [DEBUG] Fase: Validación
[2026-05-18 18:21:25] [DEBUG] Validación completada: {"completada":false,"progreso":0,"fallo_critico":false,"mensaje":"```php\n<?php\n\/\/ C\u00f3digo de ejemplo generado\necho 'Funcionalidad implementada';\n?>\n```"}
[2026-05-18 18:21:25] [DEBUG] Determinando resultado: completada=false, fallo_critico=false
[2026-05-18 18:21:25] [INFO] Resultado de iteración 40: parcial (progreso: 0%)
[2026-05-18 18:21:25] [DEBUG] Resultado de ejecutarIteracion(): {"completada":false,"fallo_critico":false,"razon":"```php\n<?php\n\/\/ C\u00f3digo de ejemplo generado\necho 'Funcionalidad implementada';\n?>\n```","progreso":0,"iteracion_id":"268"}
[2026-05-18 18:21:26] [INFO] === Iteración 41 === | Contexto: {"mision_id":6}
[2026-05-18 18:21:26] [INFO] >>> Iniciando iteración 41
[2026-05-18 18:21:26] [DEBUG] Fase 1: Análisis
[2026-05-18 18:21:26] [DEBUG] Fase: Análisis
[2026-05-18 18:21:26] [DEBUG] Análisis completado
[2026-05-18 18:21:26] [DEBUG] Fase 2: Planificación
[2026-05-18 18:21:26] [DEBUG] Fase: Planificación
[2026-05-18 18:21:26] [DEBUG] Planificación completada
[2026-05-18 18:21:26] [DEBUG] Fase 3: Ejecución
[2026-05-18 18:21:26] [DEBUG] Fase: Ejecución
[2026-05-18 18:21:26] [DEBUG] Ejecución completada
[2026-05-18 18:21:26] [DEBUG] Fase 4: Validación con iteracion=41
[2026-05-18 18:21:26] [DEBUG] Fase: Validación
[2026-05-18 18:21:26] [DEBUG] Validación completada: {"completada":false,"progreso":0,"fallo_critico":false,"mensaje":"```php\n<?php\n\/\/ C\u00f3digo de ejemplo generado\necho 'Funcionalidad implementada';\n?>\n```"}
[2026-05-18 18:21:26] [DEBUG] Determinando resultado: completada=false, fallo_critico=false
[2026-05-18 18:21:26] [INFO] Resultado de iteración 41: parcial (progreso: 0%)
[2026-05-18 18:21:26] [DEBUG] Resultado de ejecutarIteracion(): {"completada":false,"fallo_critico":false,"razon":"```php\n<?php\n\/\/ C\u00f3digo de ejemplo generado\necho 'Funcionalidad implementada';\n?>\n```","progreso":0,"iteracion_id":"269"}
[2026-05-18 18:21:26] [INFO] === Iteración 42 === | Contexto: {"mision_id":6}
[2026-05-18 18:21:26] [INFO] >>> Iniciando iteración 42
[2026-05-18 18:21:26] [DEBUG] Fase 1: Análisis
[2026-05-18 18:21:26] [DEBUG] Fase: Análisis
[2026-05-18 18:21:26] [DEBUG] Análisis completado
[2026-05-18 18:21:26] [DEBUG] Fase 2: Planificación
[2026-05-18 18:21:27] [DEBUG] Fase: Planificación
[2026-05-18 18:21:27] [DEBUG] Planificación completada
[2026-05-18 18:21:27] [DEBUG] Fase 3: Ejecución
[2026-05-18 18:21:27] [DEBUG] Fase: Ejecución
[2026-05-18 18:21:27] [DEBUG] Ejecución completada
[2026-05-18 18:21:27] [DEBUG] Fase 4: Validación con iteracion=42
[2026-05-18 18:21:27] [DEBUG] Fase: Validación
[2026-05-18 18:21:27] [DEBUG] Validación completada: {"completada":false,"progreso":0,"fallo_critico":false,"mensaje":"```php\n<?php\n\/\/ C\u00f3digo de ejemplo generado\necho 'Funcionalidad implementada';\n?>\n```"}
[2026-05-18 18:21:27] [DEBUG] Determinando resultado: completada=false, fallo_critico=false
[2026-05-18 18:21:27] [INFO] Resultado de iteración 42: parcial (progreso: 0%)
[2026-05-18 18:21:27] [DEBUG] Resultado de ejecutarIteracion(): {"completada":false,"fallo_critico":false,"razon":"```php\n<?php\n\/\/ C\u00f3digo de ejemplo generado\necho 'Funcionalidad implementada';\n?>\n```","progreso":0,"iteracion_id":"270"}
[2026-05-18 18:21:27] [INFO] === Iteración 43 === | Contexto: {"mision_id":6}
[2026-05-18 18:21:27] [INFO] >>> Iniciando iteración 43
[2026-05-18 18:21:27] [DEBUG] Fase 1: Análisis
[2026-05-18 18:21:27] [DEBUG] Fase: Análisis
[2026-05-18 18:21:27] [DEBUG] Análisis completado
[2026-05-18 18:21:27] [DEBUG] Fase 2: Planificación
[2026-05-18 18:21:27] [DEBUG] Fase: Planificación
[2026-05-18 18:21:27] [DEBUG] Planificación completada
[2026-05-18 18:21:27] [DEBUG] Fase 3: Ejecución
[2026-05-18 18:21:27] [DEBUG] Fase: Ejecución
[2026-05-18 18:21:27] [DEBUG] Ejecución completada
[2026-05-18 18:21:27] [DEBUG] Fase 4: Validación con iteracion=43
[2026-05-18 18:21:27] [DEBUG] Fase: Validación
[2026-05-18 18:21:27] [DEBUG] Validación completada: {"completada":false,"progreso":0,"fallo_critico":false,"mensaje":"```php\n<?php\n\/\/ C\u00f3digo de ejemplo generado\necho 'Funcionalidad implementada';\n?>\n```"}
[2026-05-18 18:21:27] [DEBUG] Determinando resultado: completada=false, fallo_critico=false
[2026-05-18 18:21:27] [INFO] Resultado de iteración 43: parcial (progreso: 0%)
[2026-05-18 18:21:27] [DEBUG] Resultado de ejecutarIteracion(): {"completada":false,"fallo_critico":false,"razon":"```php\n<?php\n\/\/ C\u00f3digo de ejemplo generado\necho 'Funcionalidad implementada';\n?>\n```","progreso":0,"iteracion_id":"271"}
[2026-05-18 18:21:28] [INFO] === Iteración 44 === | Contexto: {"mision_id":6}
[2026-05-18 18:21:28] [INFO] >>> Iniciando iteración 44
[2026-05-18 18:21:28] [DEBUG] Fase 1: Análisis
[2026-05-18 18:21:28] [DEBUG] Fase: Análisis
[2026-05-18 18:21:28] [DEBUG] Análisis completado
[2026-05-18 18:21:28] [DEBUG] Fase 2: Planificación
[2026-05-18 18:21:28] [DEBUG] Fase: Planificación
[2026-05-18 18:21:28] [DEBUG] Planificación completada
[2026-05-18 18:21:28] [DEBUG] Fase 3: Ejecución
[2026-05-18 18:21:29] [DEBUG] Fase: Ejecución
[2026-05-18 18:21:29] [DEBUG] Ejecución completada
[2026-05-18 18:21:29] [DEBUG] Fase 4: Validación con iteracion=44
[2026-05-18 18:21:29] [DEBUG] Fase: Validación
[2026-05-18 18:21:29] [DEBUG] Validación completada: {"completada":false,"progreso":0,"fallo_critico":false,"mensaje":"```php\n<?php\n\/\/ C\u00f3digo de ejemplo generado\necho 'Funcionalidad implementada';\n?>\n```"}
[2026-05-18 18:21:29] [DEBUG] Determinando resultado: completada=false, fallo_critico=false
[2026-05-18 18:21:29] [INFO] Resultado de iteración 44: parcial (progreso: 0%)
[2026-05-18 18:21:29] [DEBUG] Resultado de ejecutarIteracion(): {"completada":false,"fallo_critico":false,"razon":"```php\n<?php\n\/\/ C\u00f3digo de ejemplo generado\necho 'Funcionalidad implementada';\n?>\n```","progreso":0,"iteracion_id":"272"}
[2026-05-18 18:21:29] [INFO] === Iteración 45 === | Contexto: {"mision_id":6}
[2026-05-18 18:21:29] [INFO] >>> Iniciando iteración 45
[2026-05-18 18:21:29] [DEBUG] Fase 1: Análisis
[2026-05-18 18:21:29] [DEBUG] Fase: Análisis
[2026-05-18 18:21:29] [DEBUG] Análisis completado
[2026-05-18 18:21:29] [DEBUG] Fase 2: Planificación
[2026-05-18 18:21:29] [DEBUG] Fase: Planificación
[2026-05-18 18:21:29] [DEBUG] Planificación completada
[2026-05-18 18:21:29] [DEBUG] Fase 3: Ejecución
[2026-05-18 18:21:29] [DEBUG] Fase: Ejecución
[2026-05-18 18:21:29] [DEBUG] Ejecución completada
[2026-05-18 18:21:29] [DEBUG] Fase 4: Validación con iteracion=45
[2026-05-18 18:21:29] [DEBUG] Fase: Validación
[2026-05-18 18:21:29] [DEBUG] Validación completada: {"completada":false,"progreso":0,"fallo_critico":false,"mensaje":"```php\n<?php\n\/\/ C\u00f3digo de ejemplo generado\necho 'Funcionalidad implementada';\n?>\n```"}
[2026-05-18 18:21:29] [DEBUG] Determinando resultado: completada=false, fallo_critico=false
[2026-05-18 18:21:29] [INFO] Resultado de iteración 45: parcial (progreso: 0%)
[2026-05-18 18:21:29] [DEBUG] Resultado de ejecutarIteracion(): {"completada":false,"fallo_critico":false,"razon":"```php\n<?php\n\/\/ C\u00f3digo de ejemplo generado\necho 'Funcionalidad implementada';\n?>\n```","progreso":0,"iteracion_id":"273"}
[2026-05-18 18:21:30] [INFO] === Iteración 46 === | Contexto: {"mision_id":6}
[2026-05-18 18:21:30] [INFO] >>> Iniciando iteración 46
[2026-05-18 18:21:30] [DEBUG] Fase 1: Análisis
[2026-05-18 18:21:30] [DEBUG] Fase: Análisis
[2026-05-18 18:21:30] [DEBUG] Análisis completado
[2026-05-18 18:21:30] [DEBUG] Fase 2: Planificación
[2026-05-18 18:21:30] [DEBUG] Fase: Planificación
[2026-05-18 18:21:30] [DEBUG] Planificación completada
[2026-05-18 18:21:30] [DEBUG] Fase 3: Ejecución
[2026-05-18 18:21:30] [DEBUG] Fase: Ejecución
[2026-05-18 18:21:30] [DEBUG] Ejecución completada
[2026-05-18 18:21:30] [DEBUG] Fase 4: Validación con iteracion=46
[2026-05-18 18:21:30] [DEBUG] Fase: Validación
[2026-05-18 18:21:30] [DEBUG] Validación completada: {"completada":false,"progreso":0,"fallo_critico":false,"mensaje":"```php\n<?php\n\/\/ C\u00f3digo de ejemplo generado\necho 'Funcionalidad implementada';\n?>\n```"}
[2026-05-18 18:21:30] [DEBUG] Determinando resultado: completada=false, fallo_critico=false
[2026-05-18 18:21:30] [INFO] Resultado de iteración 46: parcial (progreso: 0%)
[2026-05-18 18:21:30] [DEBUG] Resultado de ejecutarIteracion(): {"completada":false,"fallo_critico":false,"razon":"```php\n<?php\n\/\/ C\u00f3digo de ejemplo generado\necho 'Funcionalidad implementada';\n?>\n```","progreso":0,"iteracion_id":"274"}
[2026-05-18 18:21:31] [INFO] === Iteración 47 === | Contexto: {"mision_id":6}
[2026-05-18 18:21:31] [INFO] >>> Iniciando iteración 47
[2026-05-18 18:21:31] [DEBUG] Fase 1: Análisis
[2026-05-18 18:21:31] [DEBUG] Fase: Análisis
[2026-05-18 18:21:31] [DEBUG] Análisis completado
[2026-05-18 18:21:31] [DEBUG] Fase 2: Planificación
[2026-05-18 18:21:31] [DEBUG] Fase: Planificación
[2026-05-18 18:21:31] [DEBUG] Planificación completada
[2026-05-18 18:21:31] [DEBUG] Fase 3: Ejecución
[2026-05-18 18:21:31] [DEBUG] Fase: Ejecución
[2026-05-18 18:21:31] [DEBUG] Ejecución completada
[2026-05-18 18:21:32] [DEBUG] Fase 4: Validación con iteracion=47
[2026-05-18 18:21:32] [DEBUG] Fase: Validación
[2026-05-18 18:21:32] [DEBUG] Validación completada: {"completada":false,"progreso":0,"fallo_critico":false,"mensaje":"```php\n<?php\n\/\/ C\u00f3digo de ejemplo generado\necho 'Funcionalidad implementada';\n?>\n```"}
[2026-05-18 18:21:32] [DEBUG] Determinando resultado: completada=false, fallo_critico=false
[2026-05-18 18:21:32] [INFO] Resultado de iteración 47: parcial (progreso: 0%)
[2026-05-18 18:21:32] [DEBUG] Resultado de ejecutarIteracion(): {"completada":false,"fallo_critico":false,"razon":"```php\n<?php\n\/\/ C\u00f3digo de ejemplo generado\necho 'Funcionalidad implementada';\n?>\n```","progreso":0,"iteracion_id":"275"}
[2026-05-18 18:21:32] [INFO] === Iteración 48 === | Contexto: {"mision_id":6}
[2026-05-18 18:21:32] [INFO] >>> Iniciando iteración 48
[2026-05-18 18:21:32] [DEBUG] Fase 1: Análisis
[2026-05-18 18:21:32] [DEBUG] Fase: Análisis
[2026-05-18 18:21:32] [DEBUG] Análisis completado
[2026-05-18 18:21:32] [DEBUG] Fase 2: Planificación
[2026-05-18 18:21:32] [DEBUG] Fase: Planificación
[2026-05-18 18:21:32] [DEBUG] Planificación completada
[2026-05-18 18:21:32] [DEBUG] Fase 3: Ejecución
[2026-05-18 18:21:32] [DEBUG] Fase: Ejecución
[2026-05-18 18:21:32] [DEBUG] Ejecución completada
[2026-05-18 18:21:32] [DEBUG] Fase 4: Validación con iteracion=48
[2026-05-18 18:21:32] [DEBUG] Fase: Validación
[2026-05-18 18:21:32] [DEBUG] Validación completada: {"completada":false,"progreso":0,"fallo_critico":false,"mensaje":"```php\n<?php\n\/\/ C\u00f3digo de ejemplo generado\necho 'Funcionalidad implementada';\n?>\n```"}
[2026-05-18 18:21:32] [DEBUG] Determinando resultado: completada=false, fallo_critico=false
[2026-05-18 18:21:32] [INFO] Resultado de iteración 48: parcial (progreso: 0%)
[2026-05-18 18:21:33] [DEBUG] Resultado de ejecutarIteracion(): {"completada":false,"fallo_critico":false,"razon":"```php\n<?php\n\/\/ C\u00f3digo de ejemplo generado\necho 'Funcionalidad implementada';\n?>\n```","progreso":0,"iteracion_id":"276"}
[2026-05-18 18:21:33] [INFO] === Iteración 49 === | Contexto: {"mision_id":6}
[2026-05-18 18:21:33] [INFO] >>> Iniciando iteración 49
[2026-05-18 18:21:33] [DEBUG] Fase 1: Análisis
[2026-05-18 18:21:33] [DEBUG] Fase: Análisis
[2026-05-18 18:21:33] [DEBUG] Análisis completado
[2026-05-18 18:21:33] [DEBUG] Fase 2: Planificación
[2026-05-18 18:21:33] [DEBUG] Fase: Planificación
[2026-05-18 18:21:33] [DEBUG] Planificación completada
[2026-05-18 18:21:33] [DEBUG] Fase 3: Ejecución
[2026-05-18 18:21:33] [DEBUG] Fase: Ejecución
[2026-05-18 18:21:33] [DEBUG] Ejecución completada
[2026-05-18 18:21:33] [DEBUG] Fase 4: Validación con iteracion=49
[2026-05-18 18:21:33] [DEBUG] Fase: Validación
[2026-05-18 18:21:33] [DEBUG] Validación completada: {"completada":false,"progreso":0,"fallo_critico":false,"mensaje":"```php\n<?php\n\/\/ C\u00f3digo de ejemplo generado\necho 'Funcionalidad implementada';\n?>\n```"}
[2026-05-18 18:21:34] [DEBUG] Determinando resultado: completada=false, fallo_critico=false
[2026-05-18 18:21:34] [INFO] Resultado de iteración 49: parcial (progreso: 0%)
[2026-05-18 18:21:34] [DEBUG] Resultado de ejecutarIteracion(): {"completada":false,"fallo_critico":false,"razon":"```php\n<?php\n\/\/ C\u00f3digo de ejemplo generado\necho 'Funcionalidad implementada';\n?>\n```","progreso":0,"iteracion_id":"277"}
[2026-05-18 18:21:34] [INFO] === Iteración 50 === | Contexto: {"mision_id":6}
[2026-05-18 18:21:34] [INFO] >>> Iniciando iteración 50
[2026-05-18 18:21:34] [DEBUG] Fase 1: Análisis
[2026-05-18 18:21:34] [DEBUG] Fase: Análisis
[2026-05-18 18:21:34] [DEBUG] Análisis completado
[2026-05-18 18:21:34] [DEBUG] Fase 2: Planificación
[2026-05-18 18:21:34] [DEBUG] Fase: Planificación
[2026-05-18 18:21:34] [DEBUG] Planificación completada
[2026-05-18 18:21:34] [DEBUG] Fase 3: Ejecución
[2026-05-18 18:21:34] [DEBUG] Fase: Ejecución
[2026-05-18 18:21:34] [DEBUG] Ejecución completada
[2026-05-18 18:21:34] [DEBUG] Fase 4: Validación con iteracion=50
[2026-05-18 18:21:34] [DEBUG] Fase: Validación
[2026-05-18 18:21:34] [DEBUG] Validación completada: {"completada":false,"progreso":0,"fallo_critico":false,"mensaje":"```php\n<?php\n\/\/ C\u00f3digo de ejemplo generado\necho 'Funcionalidad implementada';\n?>\n```"}
[2026-05-18 18:21:34] [DEBUG] Determinando resultado: completada=false, fallo_critico=false
[2026-05-18 18:21:34] [INFO] Resultado de iteración 50: parcial (progreso: 0%)
[2026-05-18 18:21:35] [DEBUG] Resultado de ejecutarIteracion(): {"completada":false,"fallo_critico":false,"razon":"```php\n<?php\n\/\/ C\u00f3digo de ejemplo generado\necho 'Funcionalidad implementada';\n?>\n```","progreso":0,"iteracion_id":"278"}
[2026-05-18 18:21:35] [WARNING] Máximo de iteraciones alcanzado sin completar | Contexto: {"max_iteraciones":50}
[2026-05-18 18:24:12] [INFO] Misión cargada: Calculadora Simple | Contexto: {"mision_id":6}
[2026-05-18 18:24:12] [INFO] Iniciando ejecución del agente | Contexto: {"mision_id":6,"objetivo":"Implementar calculadora funcional con operaciones básicas"}
[2026-05-18 18:24:12] [INFO] === Iteración 1 === | Contexto: {"mision_id":6}
[2026-05-18 18:24:13] [INFO] >>> Iniciando iteración 1
[2026-05-18 18:24:13] [DEBUG] Fase 1: Análisis
[2026-05-18 18:24:13] [DEBUG] Fase: Análisis
[2026-05-18 18:24:13] [DEBUG] Análisis completado
[2026-05-18 18:24:13] [DEBUG] Fase 2: Planificación
[2026-05-18 18:24:13] [DEBUG] Fase: Planificación
[2026-05-18 18:24:13] [DEBUG] Planificación completada
[2026-05-18 18:24:13] [DEBUG] Fase 3: Ejecución
[2026-05-18 18:24:13] [DEBUG] Fase: Ejecución
[2026-05-18 18:24:13] [DEBUG] Ejecución completada
[2026-05-18 18:24:13] [DEBUG] Fase 4: Validación con iteracion=1
[2026-05-18 18:24:13] [DEBUG] Fase: Validación
[2026-05-18 18:24:13] [DEBUG] Validación completada: {"completada":false,"progreso":25,"fallo_critico":false,"mensaje":"Progreso: 25%. Iteraci\u00f3n 1. Continuando..."}
[2026-05-18 18:24:13] [DEBUG] Determinando resultado: completada=false, fallo_critico=false
[2026-05-18 18:24:13] [INFO] Resultado de iteración 1: parcial (progreso: 25%)
[2026-05-18 18:24:13] [DEBUG] Resultado de ejecutarIteracion(): {"completada":false,"fallo_critico":false,"razon":"Progreso: 25%. Iteraci\u00f3n 1. Continuando...","progreso":25,"iteracion_id":"279"}
[2026-05-18 18:24:13] [INFO] === Iteración 2 === | Contexto: {"mision_id":6}
[2026-05-18 18:24:13] [INFO] >>> Iniciando iteración 2
[2026-05-18 18:24:13] [DEBUG] Fase 1: Análisis
[2026-05-18 18:24:13] [DEBUG] Fase: Análisis
[2026-05-18 18:24:13] [DEBUG] Análisis completado
[2026-05-18 18:24:13] [DEBUG] Fase 2: Planificación
[2026-05-18 18:24:14] [DEBUG] Fase: Planificación
[2026-05-18 18:24:14] [DEBUG] Planificación completada
[2026-05-18 18:24:14] [DEBUG] Fase 3: Ejecución
[2026-05-18 18:24:14] [DEBUG] Fase: Ejecución
[2026-05-18 18:24:14] [DEBUG] Ejecución completada
[2026-05-18 18:24:14] [DEBUG] Fase 4: Validación con iteracion=2
[2026-05-18 18:24:14] [DEBUG] Fase: Validación
[2026-05-18 18:24:14] [DEBUG] Validación completada: {"completada":false,"progreso":50,"fallo_critico":false,"mensaje":"Progreso: 50%. Iteraci\u00f3n 2. Continuando..."}
[2026-05-18 18:24:14] [DEBUG] Determinando resultado: completada=false, fallo_critico=false
[2026-05-18 18:24:14] [INFO] Resultado de iteración 2: parcial (progreso: 50%)
[2026-05-18 18:24:14] [DEBUG] Resultado de ejecutarIteracion(): {"completada":false,"fallo_critico":false,"razon":"Progreso: 50%. Iteraci\u00f3n 2. Continuando...","progreso":50,"iteracion_id":"280"}
[2026-05-18 18:24:14] [INFO] === Iteración 3 === | Contexto: {"mision_id":6}
[2026-05-18 18:24:14] [INFO] >>> Iniciando iteración 3
[2026-05-18 18:24:14] [DEBUG] Fase 1: Análisis
[2026-05-18 18:24:14] [DEBUG] Fase: Análisis
[2026-05-18 18:24:14] [DEBUG] Análisis completado
[2026-05-18 18:24:14] [DEBUG] Fase 2: Planificación
[2026-05-18 18:24:14] [DEBUG] Fase: Planificación
[2026-05-18 18:24:14] [DEBUG] Planificación completada
[2026-05-18 18:24:14] [DEBUG] Fase 3: Ejecución
[2026-05-18 18:24:14] [DEBUG] Fase: Ejecución
[2026-05-18 18:24:14] [DEBUG] Ejecución completada
[2026-05-18 18:24:14] [DEBUG] Fase 4: Validación con iteracion=3
[2026-05-18 18:24:14] [DEBUG] Fase: Validación
[2026-05-18 18:24:15] [DEBUG] Validación completada: {"completada":false,"progreso":75,"fallo_critico":false,"mensaje":"Progreso: 75%. Iteraci\u00f3n 3. Continuando..."}
[2026-05-18 18:24:15] [DEBUG] Determinando resultado: completada=false, fallo_critico=false
[2026-05-18 18:24:15] [INFO] Resultado de iteración 3: parcial (progreso: 75%)
[2026-05-18 18:24:15] [DEBUG] Resultado de ejecutarIteracion(): {"completada":false,"fallo_critico":false,"razon":"Progreso: 75%. Iteraci\u00f3n 3. Continuando...","progreso":75,"iteracion_id":"281"}
[2026-05-18 18:24:15] [INFO] === Iteración 4 === | Contexto: {"mision_id":6}
[2026-05-18 18:24:15] [INFO] >>> Iniciando iteración 4
[2026-05-18 18:24:15] [DEBUG] Fase 1: Análisis
[2026-05-18 18:24:15] [DEBUG] Fase: Análisis
[2026-05-18 18:24:15] [DEBUG] Análisis completado
[2026-05-18 18:24:15] [DEBUG] Fase 2: Planificación
[2026-05-18 18:24:15] [DEBUG] Fase: Planificación
[2026-05-18 18:24:15] [DEBUG] Planificación completada
[2026-05-18 18:24:15] [DEBUG] Fase 3: Ejecución
[2026-05-18 18:24:15] [DEBUG] Fase: Ejecución
[2026-05-18 18:24:15] [DEBUG] Ejecución completada
[2026-05-18 18:24:15] [DEBUG] Fase 4: Validación con iteracion=4
[2026-05-18 18:24:15] [DEBUG] Fase: Validación
[2026-05-18 18:24:15] [DEBUG] Validación completada: {"completada":true,"progreso":100,"fallo_critico":false,"mensaje":"Misi\u00f3n completada exitosamente en modo simulaci\u00f3n."}
[2026-05-18 18:24:15] [DEBUG] Determinando resultado: completada=true, fallo_critico=false
[2026-05-18 18:24:15] [INFO] Resultado de iteración 4: exito (progreso: 100%)
[2026-05-18 18:24:15] [DEBUG] Resultado de ejecutarIteracion(): {"completada":true,"fallo_critico":false,"razon":"Misi\u00f3n completada exitosamente en modo simulaci\u00f3n.","progreso":100,"iteracion_id":"282"}
[2026-05-18 18:24:15] [INFO] ¡Misión completada exitosamente! | Contexto: {"iteraciones":4}
[2026-05-18 18:33:16] [INFO] Misión cargada: Validador de Email | Contexto: {"mision_id":7}
[2026-05-18 18:33:16] [INFO] Iniciando ejecución del agente | Contexto: {"mision_id":7,"objetivo":"Función validarEmail() completa con validación de sintaxis, formato y tests de ejemplo"}
[2026-05-18 18:33:16] [INFO] === Iteración 1 === | Contexto: {"mision_id":7}
[2026-05-18 18:33:17] [INFO] >>> Iniciando iteración 1
[2026-05-18 18:33:17] [DEBUG] Fase 1: Análisis
[2026-05-18 18:33:17] [DEBUG] Fase: Análisis
[2026-05-18 18:33:35] [DEBUG] Análisis completado
[2026-05-18 18:33:35] [DEBUG] Fase 2: Planificación
[2026-05-18 18:33:35] [DEBUG] Fase: Planificación
[2026-05-18 18:34:15] [DEBUG] Planificación completada
[2026-05-18 18:34:15] [DEBUG] Fase 3: Ejecución
[2026-05-18 18:34:15] [DEBUG] Fase: Ejecución
[2026-05-18 18:35:54] [DEBUG] Ejecución completada
[2026-05-18 18:35:54] [DEBUG] Fase 4: Validación con iteracion=1
[2026-05-18 18:35:54] [DEBUG] Fase: Validación
[2026-05-18 18:36:45] [DEBUG] Validación completada: {"completada":true,"progreso":100,"fallo_critico":false,"mensaje":"La funci\u00f3n validarEmail() ha sido implementada con validaci\u00f3n de sintaxis y formato, y se han incluido pruebas unitarias. El c\u00f3digo cumple completamente con el objetivo establecido."}
[2026-05-18 18:36:45] [DEBUG] Determinando resultado: completada=true, fallo_critico=false
[2026-05-18 18:36:45] [INFO] Resultado de iteración 1: exito (progreso: 100%)
[2026-05-18 18:36:45] [DEBUG] Resultado de ejecutarIteracion(): {"completada":true,"fallo_critico":false,"razon":"La funci\u00f3n validarEmail() ha sido implementada con validaci\u00f3n de sintaxis y formato, y se han incluido pruebas unitarias. El c\u00f3digo cumple completamente con el objetivo establecido.","progreso":100,"iteracion_id":"283"}
[2026-05-18 18:36:45] [INFO] ¡Misión completada exitosamente! | Contexto: {"iteraciones":1}
[2026-05-18 19:08:19] [INFO] Misión cargada: Sistema de Gestión de Tareas | Contexto: {"mision_id":"8"}
[2026-05-18 19:08:19] [INFO] Iniciando ejecución del agente | Contexto: {"mision_id":8,"objetivo":"Sistema funcional con archivo tasks_api.php que maneje todas las operaciones CRUD, archivo database.sql con el esquema de la tabla, y archivo test_tasks.php con pruebas de todos los endpoints. El código debe ser limpio, bien comentado y seguir buenas prácticas de seguridad (prepared statements, validación, sanitización)."}
[2026-05-18 19:08:19] [INFO] === Iteración 1 === | Contexto: {"mision_id":8}
[2026-05-18 19:08:19] [INFO] >>> Iniciando iteración 1
[2026-05-18 19:08:19] [DEBUG] Fase 1: Análisis
[2026-05-18 19:08:19] [DEBUG] Fase: Análisis
[2026-05-18 19:09:01] [DEBUG] Análisis completado
[2026-05-18 19:09:01] [DEBUG] Fase 2: Planificación
[2026-05-18 19:09:01] [DEBUG] Fase: Planificación
[2026-05-18 19:09:56] [DEBUG] Planificación completada
[2026-05-18 19:09:56] [DEBUG] Fase 3: Ejecución
[2026-05-18 19:09:56] [DEBUG] Fase: Ejecución
[2026-05-18 19:11:53] [DEBUG] Ejecución completada
[2026-05-18 19:11:53] [DEBUG] Fase 4: Validación con iteracion=1
[2026-05-18 19:11:53] [DEBUG] Fase: Validación
[2026-05-18 19:12:46] [DEBUG] Validación completada: {"completada":false,"progreso":30,"fallo_critico":true,"mensaje":"El c\u00f3digo proporcionado no cumple con los objetivos especificados. No se ha creado el archivo tasks_api.php ni se han implementado las operaciones CRUD, adem\u00e1s falta el archivo test_tasks.php con pruebas de todos los endpoints."}
[2026-05-18 19:12:46] [DEBUG] Determinando resultado: completada=false, fallo_critico=true
[2026-05-18 19:12:46] [INFO] Resultado de iteración 1: fallo (progreso: 30%)
[2026-05-18 19:12:46] [DEBUG] Resultado de ejecutarIteracion(): {"completada":false,"fallo_critico":true,"razon":"El c\u00f3digo proporcionado no cumple con los objetivos especificados. No se ha creado el archivo tasks_api.php ni se han implementado las operaciones CRUD, adem\u00e1s falta el archivo test_tasks.php con pruebas de todos los endpoints.","progreso":30,"iteracion_id":"284"}
[2026-05-18 19:12:46] [ERROR] Fallo crítico en la misión | Contexto: {"razon":"El código proporcionado no cumple con los objetivos especificados. No se ha creado el archivo tasks_api.php ni se han implementado las operaciones CRUD, además falta el archivo test_tasks.php con pruebas de todos los endpoints."}
[2026-05-18 19:14:42] [INFO] Misión cargada: Sistema de Gestión de Tareas | Contexto: {"mision_id":8}
[2026-05-18 19:14:42] [INFO] Iniciando ejecución del agente | Contexto: {"mision_id":8,"objetivo":"Sistema funcional con archivo tasks_api.php que maneje todas las operaciones CRUD, archivo database.sql con el esquema de la tabla, y archivo test_tasks.php con pruebas de todos los endpoints. El código debe ser limpio, bien comentado y seguir buenas prácticas de seguridad (prepared statements, validación, sanitización)."}
[2026-05-18 19:14:42] [INFO] === Iteración 1 === | Contexto: {"mision_id":8}
[2026-05-18 19:14:42] [INFO] >>> Iniciando iteración 1
[2026-05-18 19:14:42] [DEBUG] Fase 1: Análisis
[2026-05-18 19:14:42] [DEBUG] Fase: Análisis
[2026-05-18 19:15:13] [DEBUG] Análisis completado
[2026-05-18 19:15:13] [DEBUG] Fase 2: Planificación
[2026-05-18 19:15:13] [DEBUG] Fase: Planificación
[2026-05-18 19:15:43] [DEBUG] Planificación completada
[2026-05-18 19:15:43] [DEBUG] Fase 3: Ejecución
[2026-05-18 19:15:44] [DEBUG] Fase: Ejecución
[2026-05-18 19:17:44] [ERROR] Error en iteración: Error en cURL: Operation timed out after 120002 milliseconds with 0 bytes received | Contexto: {"iteracion":1}
[2026-05-18 19:17:44] [DEBUG] Resultado de ejecutarIteracion(): {"completada":false,"fallo_critico":true,"razon":"Error en cURL: Operation timed out after 120002 milliseconds with 0 bytes received"}
[2026-05-18 19:17:44] [ERROR] Fallo crítico en la misión | Contexto: {"razon":"Error en cURL: Operation timed out after 120002 milliseconds with 0 bytes received"}
[2026-05-18 19:24:18] [INFO] Misión cargada: Sistema de Gestión de Tareas | Contexto: {"mision_id":"8"}
[2026-05-18 19:24:18] [INFO] Iniciando ejecución del agente | Contexto: {"mision_id":8,"objetivo":"Sistema funcional con archivo tasks_api.php que maneje todas las operaciones CRUD, archivo database.sql con el esquema de la tabla, y archivo test_tasks.php con pruebas de todos los endpoints. El código debe ser limpio, bien comentado y seguir buenas prácticas de seguridad (prepared statements, validación, sanitización)."}
[2026-05-18 19:24:18] [INFO] === Iteración 1 === | Contexto: {"mision_id":8}
[2026-05-18 19:24:18] [INFO] >>> Iniciando iteración 1
[2026-05-18 19:24:18] [DEBUG] Fase 1: Análisis
[2026-05-18 19:24:18] [DEBUG] Fase: Análisis
[2026-05-18 19:24:54] [DEBUG] Análisis completado
[2026-05-18 19:24:54] [DEBUG] Fase 2: Planificación
[2026-05-18 19:24:54] [DEBUG] Fase: Planificación
[2026-05-18 19:25:36] [DEBUG] Planificación completada
[2026-05-18 19:25:36] [DEBUG] Fase 3: Ejecución
[2026-05-18 19:25:36] [DEBUG] Fase: Ejecución
[2026-05-18 19:28:53] [DEBUG] Ejecución completada
[2026-05-18 19:28:53] [DEBUG] Fase 4: Validación con iteracion=1
[2026-05-18 19:28:53] [DEBUG] Fase: Validación
[2026-05-18 19:29:48] [DEBUG] Validación completada: {"completada":false,"progreso":50,"fallo_critico":false,"mensaje":"El archivo tasks_api.php ha sido generado y muestra las operaciones CRUD b\u00e1sicas. Sin embargo, falta la implementaci\u00f3n de los endpoints DELETE y PUT, as\u00ed como el archivo database.sql con el esquema de tabla y el archivo test_tasks.php con pruebas para todos los endpoints."}
[2026-05-18 19:29:48] [DEBUG] Determinando resultado: completada=false, fallo_critico=false
[2026-05-18 19:29:48] [INFO] Resultado de iteración 1: parcial (progreso: 50%)
[2026-05-18 19:29:48] [DEBUG] Resultado de ejecutarIteracion(): {"completada":false,"fallo_critico":false,"razon":"El archivo tasks_api.php ha sido generado y muestra las operaciones CRUD b\u00e1sicas. Sin embargo, falta la implementaci\u00f3n de los endpoints DELETE y PUT, as\u00ed como el archivo database.sql con el esquema de tabla y el archivo test_tasks.php con pruebas para todos los endpoints.","progreso":50,"iteracion_id":"286"}
[2026-05-18 19:29:49] [INFO] === Iteración 2 === | Contexto: {"mision_id":8}
[2026-05-18 19:29:49] [INFO] >>> Iniciando iteración 2
[2026-05-18 19:29:49] [DEBUG] Fase 1: Análisis
[2026-05-18 19:29:49] [DEBUG] Fase: Análisis
[2026-05-18 19:30:21] [DEBUG] Análisis completado
[2026-05-18 19:30:22] [DEBUG] Fase 2: Planificación
[2026-05-18 19:30:22] [DEBUG] Fase: Planificación
[2026-05-18 19:30:55] [DEBUG] Planificación completada
[2026-05-18 19:30:55] [DEBUG] Fase 3: Ejecución
[2026-05-18 19:30:55] [DEBUG] Fase: Ejecución
[2026-05-18 19:32:20] [DEBUG] Ejecución completada
[2026-05-18 19:32:20] [DEBUG] Fase 4: Validación con iteracion=2
[2026-05-18 19:32:20] [DEBUG] Fase: Validación
[2026-05-18 19:33:10] [DEBUG] Validación completada: {"completada":false,"progreso":30,"fallo_critico":false,"mensaje":"El archivo database.sql cumple con la creaci\u00f3n de la tabla 'tareas' seg\u00fan los criterios, pero falta el archivo tasks_api.php para manejar las operaciones CRUD y test_tasks.php para pruebas."}
[2026-05-18 19:33:10] [DEBUG] Determinando resultado: completada=false, fallo_critico=false
[2026-05-18 19:33:10] [INFO] Resultado de iteración 2: parcial (progreso: 30%)
[2026-05-18 19:33:10] [DEBUG] Resultado de ejecutarIteracion(): {"completada":false,"fallo_critico":false,"razon":"El archivo database.sql cumple con la creaci\u00f3n de la tabla 'tareas' seg\u00fan los criterios, pero falta el archivo tasks_api.php para manejar las operaciones CRUD y test_tasks.php para pruebas.","progreso":30,"iteracion_id":"287"}
[2026-05-18 19:33:10] [INFO] === Iteración 3 === | Contexto: {"mision_id":8}
[2026-05-18 19:33:10] [INFO] >>> Iniciando iteración 3
[2026-05-18 19:33:10] [DEBUG] Fase 1: Análisis
[2026-05-18 19:33:10] [DEBUG] Fase: Análisis
[2026-05-18 19:34:18] [DEBUG] Análisis completado
[2026-05-18 19:34:18] [DEBUG] Fase 2: Planificación
[2026-05-18 19:34:18] [DEBUG] Fase: Planificación
[2026-05-18 19:35:04] [DEBUG] Planificación completada
[2026-05-18 19:35:04] [DEBUG] Fase 3: Ejecución
[2026-05-18 19:35:04] [DEBUG] Fase: Ejecución
[2026-05-18 19:37:26] [DEBUG] Ejecución completada
[2026-05-18 19:37:26] [DEBUG] Fase 4: Validación con iteracion=3
[2026-05-18 19:37:26] [DEBUG] Fase: Validación
[2026-05-18 19:38:16] [DEBUG] Validación completada: {"completada":false,"progreso":70,"fallo_critico":true,"mensaje":"El c\u00f3digo contiene problemas de seguridad y falta el endpoint para eliminar tareas."}
[2026-05-18 19:38:16] [DEBUG] Determinando resultado: completada=false, fallo_critico=true
[2026-05-18 19:38:17] [INFO] Resultado de iteración 3: fallo (progreso: 70%)
[2026-05-18 19:38:17] [DEBUG] Resultado de ejecutarIteracion(): {"completada":false,"fallo_critico":true,"razon":"El c\u00f3digo contiene problemas de seguridad y falta el endpoint para eliminar tareas.","progreso":70,"iteracion_id":"288"}
[2026-05-18 19:38:17] [ERROR] Fallo crítico en la misión | Contexto: {"razon":"El código contiene problemas de seguridad y falta el endpoint para eliminar tareas."}
[2026-05-18 19:56:32] [INFO] Misión cargada: Sistema de Gestión de Tareas | Contexto: {"mision_id":8}
[2026-05-18 19:56:32] [INFO] Iniciando ejecución del agente | Contexto: {"mision_id":8,"objetivo":"Sistema funcional con archivo tasks_api.php que maneje todas las operaciones CRUD, archivo database.sql con el esquema de la tabla, y archivo test_tasks.php con pruebas de todos los endpoints. El código debe ser limpio, bien comentado y seguir buenas prácticas de seguridad (prepared statements, validación, sanitización)."}
[2026-05-18 19:56:32] [INFO] === Iteración 1 === | Contexto: {"mision_id":8}
[2026-05-18 19:56:32] [INFO] >>> Iniciando iteración 1
[2026-05-18 19:56:32] [DEBUG] Fase 1: Análisis
[2026-05-18 19:56:32] [DEBUG] Fase: Análisis
[2026-05-18 19:57:32] [DEBUG] Análisis completado
[2026-05-18 19:57:32] [DEBUG] Fase 2: Planificación
[2026-05-18 19:57:32] [DEBUG] Fase: Planificación
[2026-05-18 19:58:28] [DEBUG] Planificación completada
[2026-05-18 19:58:28] [DEBUG] Fase 3: Ejecución
[2026-05-18 19:58:28] [DEBUG] Fase: Ejecución
[2026-05-18 20:01:00] [DEBUG] Ejecución completada
[2026-05-18 20:01:01] [DEBUG] Fase 4: Validación con iteracion=1
[2026-05-18 20:01:01] [DEBUG] Fase: Validación
[2026-05-18 20:01:46] [INFO] Misión cargada: Generador de Reportes PDF | Contexto: {"mision_id":9}
[2026-05-18 20:01:46] [INFO] Iniciando ejecución del agente | Contexto: {"mision_id":9,"objetivo":"Sistema funcional con archivo ReportGenerator.php que contenga la clase generadora, archivo generate_report.php para probar la generación con datos de ejemplo, archivo fpdf.php con la librería FPDF incluida (o instrucciones de instalación), y archivo test_pdf.php que genere un PDF de prueba con tabla de datos, logo y estilos. El PDF resultante debe ser descargable y visualmente profesional."}
[2026-05-18 20:01:46] [INFO] === Iteración 1 === | Contexto: {"mision_id":9}
[2026-05-18 20:01:46] [INFO] >>> Iniciando iteración 1
[2026-05-18 20:01:46] [DEBUG] Fase 1: Análisis
[2026-05-18 20:01:46] [DEBUG] Fase: Análisis
[2026-05-18 20:02:00] [DEBUG] Validación completada: {"completada":false,"progreso":75,"fallo_critico":true,"mensaje":"El c\u00f3digo proporcionado no cumple completamente con el objetivo de la misi\u00f3n. Falta el archivo `database.sql` y el archivo `test_tasks.php`. Adem\u00e1s, el controlador solo contiene m\u00e9todos para `index`, `store` y `show`, faltando los m\u00e9todos para `update` y `destroy`."}
[2026-05-18 20:02:00] [DEBUG] Determinando resultado: completada=false, fallo_critico=true
[2026-05-18 20:02:00] [INFO] Resultado de iteración 1: fallo (progreso: 75%)
[2026-05-18 20:02:00] [DEBUG] Resultado de ejecutarIteracion(): {"completada":false,"fallo_critico":true,"razon":"El c\u00f3digo proporcionado no cumple completamente con el objetivo de la misi\u00f3n. Falta el archivo `database.sql` y el archivo `test_tasks.php`. Adem\u00e1s, el controlador solo contiene m\u00e9todos para `index`, `store` y `show`, faltando los m\u00e9todos para `update` y `destroy`.","progreso":75,"iteracion_id":"289"}
[2026-05-18 20:02:00] [ERROR] Fallo crítico en la misión | Contexto: {"razon":"El código proporcionado no cumple completamente con el objetivo de la misión. Falta el archivo `database.sql` y el archivo `test_tasks.php`. Además, el controlador solo contiene métodos para `index`, `store` y `show`, faltando los métodos para `update` y `destroy`."}
[2026-05-18 20:02:28] [DEBUG] Análisis completado
[2026-05-18 20:02:28] [DEBUG] Fase 2: Planificación
[2026-05-18 20:02:28] [DEBUG] Fase: Planificación
[2026-05-18 20:03:04] [DEBUG] Planificación completada
[2026-05-18 20:03:04] [DEBUG] Fase 3: Ejecución
[2026-05-18 20:03:04] [DEBUG] Fase: Ejecución
[2026-05-18 20:04:45] [DEBUG] Ejecución completada
[2026-05-18 20:04:45] [DEBUG] Fase 4: Validación con iteracion=1
[2026-05-18 20:04:45] [DEBUG] Fase: Validación
[2026-05-18 20:05:51] [DEBUG] Validación completada: {"completada":false,"progreso":70,"fallo_critico":true,"mensaje":"El c\u00f3digo generado solo incluye una clase para generar PDFs con texto simple y no cumple con los requisitos del objetivo, que requiere la generaci\u00f3n de un PDF profesional con tabla de datos, logo y estilos. Adem\u00e1s, el archivo fpdf.php no se encuentra en el c\u00f3digo proporcionado y hay una ruta incorrecta."}
[2026-05-18 20:05:51] [DEBUG] Determinando resultado: completada=false, fallo_critico=true
[2026-05-18 20:05:51] [INFO] Resultado de iteración 1: fallo (progreso: 70%)
[2026-05-18 20:05:51] [DEBUG] Resultado de ejecutarIteracion(): {"completada":false,"fallo_critico":true,"razon":"El c\u00f3digo generado solo incluye una clase para generar PDFs con texto simple y no cumple con los requisitos del objetivo, que requiere la generaci\u00f3n de un PDF profesional con tabla de datos, logo y estilos. Adem\u00e1s, el archivo fpdf.php no se encuentra en el c\u00f3digo proporcionado y hay una ruta incorrecta.","progreso":70,"iteracion_id":"290"}
[2026-05-18 20:05:51] [ERROR] Fallo crítico en la misión | Contexto: {"razon":"El código generado solo incluye una clase para generar PDFs con texto simple y no cumple con los requisitos del objetivo, que requiere la generación de un PDF profesional con tabla de datos, logo y estilos. Además, el archivo fpdf.php no se encuentra en el código proporcionado y hay una ruta incorrecta."}
